USE incentive_local;

-- ============================================
-- データクリーンアップ（既存のDEMO01データを削除）
-- ============================================
DELETE FROM action_records WHERE tenant_id = 'DEMO01';
DELETE FROM task_records WHERE tenant_id = 'DEMO01';
DELETE FROM sales_records WHERE tenant_id = 'DEMO01';
DELETE FROM bulletins WHERE tenant_id = 'DEMO01';
DELETE FROM events WHERE tenant_id = 'DEMO01';
DELETE FROM actions WHERE tenant_id = 'DEMO01';
DELETE FROM tasks WHERE tenant_id = 'DEMO01';
DELETE FROM products WHERE tenant_id = 'DEMO01';
DELETE FROM members WHERE tenant_id = 'DEMO01';
DELETE FROM teams WHERE tenant_id = 'DEMO01';
DELETE FROM tenants WHERE tenant_id = 'DEMO01';

-- ============================================
-- テナント情報（キャバクラ：CLUB高濱）
-- ============================================
INSERT INTO tenants (tenant_id, tenant_name, status) VALUES
('DEMO01', 'CLUB高濱', '有効');

-- ============================================
-- チーム情報（キャスト名チーム）
-- ============================================
INSERT INTO teams (team_id, tenant_id, team_name, leader_id) VALUES
('TEAM001', 'DEMO01', '美咲チーム', 'MEM002'),
('TEAM002', 'DEMO01', '由紀子チーム', 'MEM003'),
('TEAM003', 'DEMO01', '店長', 'MEM001');

-- ============================================
-- メンバー情報（源氏名のキャスト）
-- ============================================
INSERT INTO members (member_id, tenant_id, login_id, name, role, pin, team_id, status) VALUES
('MEM001', 'DEMO01', 'manager', '店長', 'admin', '1111', 'TEAM003', '有効'),
('MEM002', 'DEMO01', 'misaki', '美咲', 'user', '2222', 'TEAM001', '有効'),
('MEM003', 'DEMO01', 'yukiko', '由紀子', 'user', '3333', 'TEAM002', '有効'),
('MEM004', 'DEMO01', 'rina', 'りな', 'user', '4444', 'TEAM001', '有効'),
('MEM005', 'DEMO01', 'ayaka', 'あやか', 'user', '5555', 'TEAM002', '有効'),
('MEM006', 'DEMO01', 'nanami', 'ななみ', 'user', '6666', 'TEAM001', '有効'),
('MEM007', 'DEMO01', 'miki', '美樹', 'user', '7777', 'TEAM002', '有効'),
('MEM008', 'DEMO01', 'sakura', 'さくら', 'user', '8888', 'TEAM001', '有効'),
('MEM009', 'DEMO01', 'haruka', 'はるか', 'user', '9999', 'TEAM002', '有効'),
('MEM010', 'DEMO01', 'yui', 'ゆい', 'user', '1000', 'TEAM001', '有効');

-- ============================================
-- 商品マスタ（キャバクラメニュー）
-- ============================================
INSERT INTO products (product_id, tenant_id, product_name, large_category, medium_category, small_category, price, cost, point, status, approval_required) VALUES
-- シャンパン
('PROD001', 'DEMO01', 'モエ・エ・シャンドン', '飲食', 'シャンパン', 'シャンパン', 35000.00, 12000.00, 3500, '有効', 0),
('PROD002', 'DEMO01', 'ヴーヴ・クリコ', '飲食', 'シャンパン', 'シャンパン', 40000.00, 15000.00, 4000, '有効', 0),
('PROD003', 'DEMO01', 'ドンペリニヨン', '飲食', 'シャンパン', 'シャンパン', 80000.00, 35000.00, 8000, '有効', 0),
('PROD004', 'DEMO01', 'ドンペリニヨン・ロゼ', '飲食', 'シャンパン', 'シャンパン', 150000.00, 70000.00, 15000, '有効', 0),
('PROD005', 'DEMO01', 'アルマンド・ブリニャック', '飲食', 'シャンパン', 'シャンパン', 200000.00, 90000.00, 20000, '有効', 0),

-- ワイン
('PROD006', 'DEMO01', 'オーパスワン', '飲食', 'ワイン', 'ワイン', 120000.00, 50000.00, 12000, '有効', 0),
('PROD007', 'DEMO01', 'シャトー・マルゴー', '飲食', 'ワイン', 'ワイン', 180000.00, 80000.00, 18000, '有効', 0),

-- ボトル（焼酎・ウイスキー）
('PROD008', 'DEMO01', '森伊蔵', '飲食', 'ボトル', '焼酎', 25000.00, 8000.00, 2500, '有効', 0),
('PROD009', 'DEMO01', '魔王', '飲食', 'ボトル', '焼酎', 18000.00, 6000.00, 1800, '有効', 0),
('PROD010', 'DEMO01', 'ジャックダニエル', '飲食', 'ボトル', 'ウイスキー', 20000.00, 7000.00, 2000, '有効', 0),
('PROD011', 'DEMO01', 'シーバスリーガル18年', '飲食', 'ボトル', 'ウイスキー', 35000.00, 12000.00, 3500, '有効', 0),

-- お客様ドリンク
('PROD012', 'DEMO01', '生ビール', '飲食', 'ドリンク', 'お客様ドリンク', 1000.00, 200.00, 100, '有効', 0),
('PROD013', 'DEMO01', 'ハイボール', '飲食', 'ドリンク', 'お客様ドリンク', 1000.00, 200.00, 100, '有効', 0),
('PROD014', 'DEMO01', 'カクテル', '飲食', 'ドリンク', 'お客様ドリンク', 1200.00, 250.00, 120, '有効', 0),
('PROD015', 'DEMO01', 'ウーロン茶', '飲食', 'ドリンク', 'ソフトドリンク', 500.00, 100.00, 50, '有効', 0),

-- フード
('PROD016', 'DEMO01', 'フルーツ盛り合わせ', '飲食', 'フード', 'フード', 3000.00, 800.00, 300, '有効', 0),
('PROD017', 'DEMO01', 'おつまみ盛り合わせ', '飲食', 'フード', 'フード', 2000.00, 500.00, 200, '有効', 0),
('PROD018', 'DEMO01', '特選オードブル', '飲食', 'フード', 'フード', 5000.00, 1500.00, 500, '有効', 0);

-- ============================================
-- アクション
-- ============================================
INSERT INTO actions (action_id, tenant_id, action_name, target, point, status, approval_required, description) VALUES
('ACT001', 'DEMO01', '指名', '個人', 300, '有効', 0, '本指名を獲得'),
('ACT002', 'DEMO01', '場内指名', '個人', 150, '有効', 0, '場内指名を獲得'),
('ACT003', 'DEMO01', '延長30分', '個人', 300, '有効', 0, '30分延長を獲得'),
('ACT004', 'DEMO01', '延長60分', '個人', 500, '有効', 0, '60分延長を獲得'),
('ACT007', 'DEMO01', '同伴', '個人', 500, '有効', 1, '同伴出勤'),
('ACT008', 'DEMO01', 'アフター', '個人', 300, '有効', 1, 'アフター実施'),
('ACT009', 'DEMO01', '新規客獲得', '個人', 1000, '有効', 1, '新規のお客様獲得'),
('ACT012', 'DEMO01', 'SNS投稿', '個人', 100, '有効', 0, 'SNSで営業投稿'),
('ACT013', 'DEMO01', 'LINE営業', '個人', 50, '有効', 0, 'お客様へのLINE営業');

-- ============================================
-- タスク
-- ============================================
INSERT INTO tasks (task_id, tenant_id, task_name, type, repeat_type, point, status, approval_required, description) VALUES
('TASK001', 'DEMO01', '開店準備完了', '個人', '毎日', 50, '有効', 0, '開店前の準備作業'),
('TASK002', 'DEMO01', '閉店作業完了', '個人', '毎日', 50, '有効', 0, '閉店後の作業'),
('TASK003', 'DEMO01', '店内清掃完了', '個人', '毎日', 30, '有効', 0, 'フロアの清掃'),
('TASK004', 'DEMO01', '化粧室清掃完了', '個人', '毎日', 30, '有効', 0, '化粧室の清掃'),
('TASK005', 'DEMO01', 'ドリンク在庫補充', '個人', '毎週', 40, '有効', 0, 'ドリンクの在庫補充'),
('TASK006', 'DEMO01', '売上日報作成', 'チーム', '毎日', 50, '有効', 1, '日次売上報告書作成'),
('TASK007', 'DEMO01', '予約管理更新', '個人', '毎日', 40, '有効', 0, '予約システムの更新'),
('TASK008', 'DEMO01', 'お礼LINE送信', '個人', '毎日', 20, '有効', 0, '来店客へのお礼LINE');

-- ============================================
-- イベント
-- ============================================
INSERT INTO events (event_id, tenant_id, event_name, description, repeat_type, start_date, end_date, day_of_month, target_type, target_ids, multiplier, status) VALUES
('EVT001', 'DEMO01', 'クリスマスイベント', 'クリスマス期間は全売上2倍ポイント！', '単発', '2024-12-20', '2024-12-26', NULL, '全商品', NULL, 2.0, '有効'),
('EVT002', 'DEMO01', 'ドンペリ3倍キャンペーン', 'ドンペリ注文で通常の3倍ポイント！', '単発', '2025-10-01', '2025-10-31', NULL, '特定商品', 'PROD003,PROD004', 3.0, '有効'),
('EVT003', 'DEMO01', 'バレンタインイベント', 'バレンタイン期間は全売上1.5倍ポイント', '単発', '2025-02-10', '2025-02-15', NULL, '全商品', NULL, 1.5, '無効'),
('EVT004', 'DEMO01', '毎月10日はシャンパンデー', 'シャンパン2倍ポイント', '毎月', '2024-10-01', '2025-12-31', 10, '特定商品', 'PROD001,PROD002,PROD003,PROD004,PROD005', 2.0, '有効'),
('EVT005', 'DEMO01', '魔王ジャックダニエル・生誕祭', '魔王・ジャックダニエルの販売強化月間！対象商品のご注文で通常の2倍ポイントを獲得できます。', '単発', '2025-10-14', '2025-10-30', NULL, '特定商品', 'PROD009,PROD010', 2.0, '有効'),
('EVT006', 'DEMO01', 'コスプレ会', 'コスプレイベント開催日は、対象商品の売上が2倍ポイントに！盛り上げていきましょう！', '毎週', '2025-10-07', '2025-10-21', NULL, '特定商品', 'PROD006', 2.0, '有効'),
('EVT007', 'DEMO01', 'こんにちは会', '火・金・土曜日は対象商品が2倍ポイント！お客様に積極的にお勧めしてください。', '毎週', '2025-10-14', '2025-10-28', NULL, '特定商品', 'PROD011,PROD013,PROD015', 2.0, '有効'),
('EVT008', 'DEMO01', '確認イベント', '毎月14日は全商品2倍ポイントデー！売上アップのチャンスです。', '毎月', '2025-10-14', '2025-10-14', 14, '全商品', NULL, 2.0, '有効');

-- ============================================
-- お知らせ（掲示板）
-- ============================================
INSERT INTO bulletins (bulletin_id, tenant_id, type, related_event_id, pinned, status, author, title, body, start_datetime, end_datetime) VALUES
('BUL001', 'DEMO01', 'イベント', 'EVT002', 1, '公開', 'MEM001', '10月はドンペリ3倍キャンペーン！', 'ドンペリ注文で通常の3倍ポイントがもらえます！この機会にぜひお客様にお勧めしてください！', '2025-10-01 00:00:00', '2025-10-31 23:59:59'),
('BUL002', 'DEMO01', 'イベント', 'EVT004', 1, '公開', 'MEM001', '毎月10日はシャンパンデー', '毎月10日はシャンパン2倍ポイント！頑張りましょう！', '2024-10-01 00:00:00', '2025-12-31 23:59:59'),
('BUL003', 'DEMO01', 'お知らせ', NULL, 0, '公開', 'MEM001', '10月のシフト調整について', '10月は繁忙期のため、シフト調整にご協力ください。', '2025-10-01 00:00:00', '2025-10-31 23:59:59');

-- ============================================
-- 売上データ（サンプル） - 9月・10月を充実化
-- ============================================
INSERT INTO sales_records (tenant_id, member_id, product_id, date, quantity, unit_price, base_point, event_multiplier, final_point, approval_status, note) VALUES
-- ============================================
-- 9月（週1～4週目）
-- ============================================
-- 9月1日～7日（第1週）
('DEMO01', 'MEM002', 'PROD001', '2025-09-01 20:30:00', 1, 35000.00, 3500, 1.00, 3500, '承認済み', NULL),
('DEMO01', 'MEM003', 'PROD012', '2025-09-01 21:00:00', 3, 1000.00, 300, 1.00, 300, '承認済み', NULL),
('DEMO01', 'MEM004', 'PROD016', '2025-09-01 22:00:00', 1, 3000.00, 300, 1.00, 300, '承認済み', NULL),
('DEMO01', 'MEM007', 'PROD013', '2025-09-02 19:45:00', 2, 1000.00, 200, 1.00, 200, '承認済み', NULL),
('DEMO01', 'MEM005', 'PROD002', '2025-09-02 20:15:00', 1, 40000.00, 4000, 1.00, 4000, '承認済み', NULL),
('DEMO01', 'MEM006', 'PROD014', '2025-09-02 22:30:00', 3, 1200.00, 360, 1.00, 360, '承認済み', NULL),
('DEMO01', 'MEM002', 'PROD001', '2025-09-03 20:00:00', 1, 35000.00, 3500, 1.00, 3500, '承認済み', NULL),
('DEMO01', 'MEM003', 'PROD012', '2025-09-03 21:30:00', 3, 1000.00, 300, 1.00, 300, '承認済み', NULL),
('DEMO01', 'MEM008', 'PROD009', '2025-09-03 23:00:00', 1, 18000.00, 1800, 1.00, 1800, '承認済み', NULL),
('DEMO01', 'MEM004', 'PROD002', '2025-09-05 19:30:00', 1, 40000.00, 4000, 1.00, 4000, '承認済み', NULL),
('DEMO01', 'MEM009', 'PROD012', '2025-09-05 20:45:00', 4, 1000.00, 400, 1.00, 400, '承認済み', NULL),
('DEMO01', 'MEM010', 'PROD017', '2025-09-05 21:15:00', 2, 2000.00, 400, 1.00, 400, '承認済み', NULL),
('DEMO01', 'MEM009', 'PROD014', '2025-09-06 20:00:00', 2, 1200.00, 240, 1.00, 240, '承認済み', NULL),
('DEMO01', 'MEM007', 'PROD001', '2025-09-06 21:30:00', 1, 35000.00, 3500, 1.00, 3500, '承認済み', NULL),
('DEMO01', 'MEM005', 'PROD009', '2025-09-07 19:45:00', 1, 18000.00, 1800, 1.00, 1800, '承認済み', NULL),
('DEMO01', 'MEM006', 'PROD001', '2025-09-08 20:30:00', 1, 35000.00, 3500, 1.00, 3500, '承認済み', NULL),
('DEMO01', 'MEM002', 'PROD016', '2025-09-08 22:00:00', 1, 3000.00, 300, 1.00, 300, '承認済み', NULL),

-- 9月10日（シャンパンデー）
('DEMO01', 'MEM007', 'PROD016', '2025-09-10 19:30:00', 1, 3000.00, 300, 1.00, 300, '承認済み', NULL),
('DEMO01', 'MEM002', 'PROD003', '2025-09-10 20:00:00', 1, 80000.00, 8000, 2.00, 16000, '承認済み', 'シャンパンデー・ドンペリ'),
('DEMO01', 'MEM003', 'PROD002', '2025-09-10 21:00:00', 1, 40000.00, 4000, 2.00, 8000, '承認済み', 'シャンパンデー'),
('DEMO01', 'MEM005', 'PROD001', '2025-09-10 21:30:00', 1, 35000.00, 3500, 2.00, 7000, '承認済み', 'シャンパンデー'),
('DEMO01', 'MEM004', 'PROD001', '2025-09-10 22:00:00', 1, 35000.00, 3500, 2.00, 7000, '承認済み', 'シャンパンデー'),

-- 9月8日～14日（第2週）
('DEMO01', 'MEM009', 'PROD001', '2025-09-11 20:15:00', 1, 35000.00, 3500, 1.00, 3500, '承認済み', NULL),
('DEMO01', 'MEM010', 'PROD014', '2025-09-11 21:00:00', 2, 1200.00, 240, 1.00, 240, '承認済み', NULL),
('DEMO01', 'MEM008', 'PROD010', '2025-09-12 19:45:00', 1, 20000.00, 2000, 1.00, 2000, '承認済み', NULL),
('DEMO01', 'MEM003', 'PROD012', '2025-09-12 22:30:00', 3, 1000.00, 300, 1.00, 300, '承認済み', NULL),
('DEMO01', 'MEM004', 'PROD018', '2025-09-13 20:00:00', 1, 5000.00, 500, 1.00, 500, '承認済み', NULL),
('DEMO01', 'MEM006', 'PROD016', '2025-09-13 21:15:00', 2, 3000.00, 600, 1.00, 600, '承認済み', NULL),
('DEMO01', 'MEM003', 'PROD008', '2025-09-14 20:30:00', 1, 25000.00, 2500, 1.00, 2500, '承認済み', NULL),
('DEMO01', 'MEM007', 'PROD002', '2025-09-14 22:00:00', 1, 40000.00, 4000, 1.00, 4000, '承認済み', NULL),

-- 9月15日～21日（第3週）
('DEMO01', 'MEM004', 'PROD001', '2025-09-15 19:30:00', 1, 35000.00, 3500, 1.00, 3500, '承認済み', NULL),
('DEMO01', 'MEM002', 'PROD012', '2025-09-15 20:45:00', 4, 1000.00, 400, 1.00, 400, '承認済み', NULL),
('DEMO01', 'MEM007', 'PROD002', '2025-09-16 20:00:00', 1, 40000.00, 4000, 1.00, 4000, '承認済み', NULL),
('DEMO01', 'MEM005', 'PROD016', '2025-09-17 21:00:00', 2, 3000.00, 600, 1.00, 600, '承認済み', NULL),
('DEMO01', 'MEM008', 'PROD014', '2025-09-17 22:30:00', 3, 1200.00, 360, 1.00, 360, '承認済み', NULL),
('DEMO01', 'MEM009', 'PROD011', '2025-09-18 19:45:00', 1, 35000.00, 3500, 1.00, 3500, '承認済み', NULL),
('DEMO01', 'MEM006', 'PROD002', '2025-09-19 20:15:00', 1, 40000.00, 4000, 1.00, 4000, '承認済み', NULL),
('DEMO01', 'MEM010', 'PROD017', '2025-09-19 21:30:00', 1, 2000.00, 200, 1.00, 200, '承認済み', NULL),
('DEMO01', 'MEM003', 'PROD003', '2025-09-20 20:00:00', 1, 80000.00, 8000, 1.00, 8000, '承認済み', 'ドンペリ'),
('DEMO01', 'MEM007', 'PROD009', '2025-09-21 21:00:00', 1, 18000.00, 1800, 1.00, 1800, '承認済み', NULL),

-- 9月22日～28日（第4週）
('DEMO01', 'MEM002', 'PROD004', '2025-09-22 20:30:00', 1, 150000.00, 15000, 1.00, 15000, '承認済み', 'ドンペリ・ロゼ'),
('DEMO01', 'MEM004', 'PROD012', '2025-09-22 21:45:00', 3, 1000.00, 300, 1.00, 300, '承認済み', NULL),
('DEMO01', 'MEM010', 'PROD010', '2025-09-23 19:30:00', 1, 20000.00, 2000, 1.00, 2000, '承認済み', NULL),
('DEMO01', 'MEM005', 'PROD016', '2025-09-23 22:00:00', 1, 3000.00, 300, 1.00, 300, '承認済み', NULL),
('DEMO01', 'MEM009', 'PROD001', '2025-09-24 20:15:00', 1, 35000.00, 3500, 1.00, 3500, '承認済み', NULL),
('DEMO01', 'MEM010', 'PROD013', '2025-09-25 21:00:00', 4, 1000.00, 400, 1.00, 400, '承認済み', NULL),
('DEMO01', 'MEM008', 'PROD014', '2025-09-26 20:30:00', 3, 1200.00, 360, 1.00, 360, '承認済み', NULL),
('DEMO01', 'MEM006', 'PROD008', '2025-09-26 22:00:00', 1, 25000.00, 2500, 1.00, 2500, '承認済み', NULL),
('DEMO01', 'MEM003', 'PROD006', '2025-09-27 19:45:00', 1, 120000.00, 12000, 1.00, 12000, '承認済み', 'オーパスワン'),
('DEMO01', 'MEM008', 'PROD002', '2025-09-28 21:15:00', 1, 40000.00, 4000, 1.00, 4000, '承認済み', NULL),

-- 9月29日～30日（月末）
('DEMO01', 'MEM004', 'PROD017', '2025-09-29 20:00:00', 1, 2000.00, 200, 1.00, 200, '承認済み', NULL),
('DEMO01', 'MEM007', 'PROD012', '2025-09-29 21:30:00', 5, 1000.00, 500, 1.00, 500, '承認済み', NULL),
('DEMO01', 'MEM005', 'PROD001', '2025-09-30 19:30:00', 1, 35000.00, 3500, 1.00, 3500, '承認済み', NULL),
('DEMO01', 'MEM006', 'PROD011', '2025-09-30 20:45:00', 1, 35000.00, 3500, 1.00, 3500, '承認済み', NULL),
('DEMO01', 'MEM002', 'PROD002', '2025-09-30 22:00:00', 1, 40000.00, 4000, 1.00, 4000, '承認済み', NULL),

-- ============================================
-- 10月（週1～4週目）
-- ============================================
-- 10月1日～7日（第1週）
('DEMO01', 'MEM002', 'PROD001', '2025-10-01 20:00:00', 1, 35000.00, 3500, 1.00, 3500, '承認済み', NULL),
('DEMO01', 'MEM003', 'PROD014', '2025-10-01 21:30:00', 3, 1200.00, 360, 1.00, 360, '承認済み', NULL),
('DEMO01', 'MEM005', 'PROD012', '2025-10-02 19:45:00', 2, 1000.00, 200, 1.00, 200, '承認済み', NULL),
('DEMO01', 'MEM004', 'PROD016', '2025-10-02 21:00:00', 1, 3000.00, 300, 1.00, 300, '承認済み', NULL),
('DEMO01', 'MEM006', 'PROD003', '2025-10-03 20:15:00', 1, 80000.00, 8000, 3.00, 24000, '承認済み', 'ドンペリ3倍キャンペーン'),
('DEMO01', 'MEM007', 'PROD001', '2025-10-04 19:30:00', 1, 35000.00, 3500, 1.00, 3500, '承認済み', NULL),
('DEMO01', 'MEM008', 'PROD013', '2025-10-04 22:00:00', 4, 1000.00, 400, 1.00, 400, '承認済み', NULL),
('DEMO01', 'MEM003', 'PROD016', '2025-10-05 20:30:00', 1, 3000.00, 300, 1.00, 300, '承認済み', NULL),
('DEMO01', 'MEM009', 'PROD012', '2025-10-05 21:45:00', 3, 1000.00, 300, 1.00, 300, '承認済み', NULL),
('DEMO01', 'MEM008', 'PROD002', '2025-10-06 20:00:00', 1, 40000.00, 4000, 1.00, 4000, '承認済み', NULL),
('DEMO01', 'MEM010', 'PROD017', '2025-10-06 22:15:00', 2, 2000.00, 400, 1.00, 400, '承認済み', NULL),
('DEMO01', 'MEM004', 'PROD008', '2025-10-07 19:45:00', 1, 25000.00, 2500, 1.00, 2500, '承認済み', NULL),
('DEMO01', 'MEM009', 'PROD009', '2025-10-08 20:30:00', 1, 18000.00, 1800, 1.00, 1800, '承認済み', NULL),
('DEMO01', 'MEM005', 'PROD014', '2025-10-08 21:45:00', 2, 1200.00, 240, 1.00, 240, '承認済み', NULL),

-- 10月9日～10日
('DEMO01', 'MEM002', 'PROD005', '2025-10-09 20:00:00', 1, 200000.00, 20000, 1.00, 20000, '承認済み', 'アルマンド'),
('DEMO01', 'MEM007', 'PROD012', '2025-10-09 22:30:00', 4, 1000.00, 400, 1.00, 400, '承認済み', NULL),

-- 10月10日（シャンパンデー）
('DEMO01', 'MEM010', 'PROD001', '2025-10-10 19:30:00', 1, 35000.00, 3500, 2.00, 7000, '承認済み', 'シャンパンデー'),
('DEMO01', 'MEM003', 'PROD002', '2025-10-10 20:15:00', 1, 40000.00, 4000, 2.00, 8000, '承認済み', 'シャンパンデー'),
('DEMO01', 'MEM005', 'PROD003', '2025-10-10 21:00:00', 1, 80000.00, 8000, 6.00, 48000, '承認済み', 'シャンパンデー＋ドンペリ3倍'),
('DEMO01', 'MEM006', 'PROD001', '2025-10-10 21:45:00', 1, 35000.00, 3500, 2.00, 7000, '承認済み', 'シャンパンデー'),
('DEMO01', 'MEM008', 'PROD004', '2025-10-10 22:30:00', 1, 150000.00, 15000, 6.00, 90000, '承認済み', 'シャンパンデー＋ドンペリ3倍'),

-- 10月11日～14日（第2週）
('DEMO01', 'MEM004', 'PROD016', '2025-10-11 20:00:00', 2, 3000.00, 600, 1.00, 600, '承認済み', NULL),
('DEMO01', 'MEM007', 'PROD012', '2025-10-11 21:30:00', 3, 1000.00, 300, 1.00, 300, '承認済み', NULL),
('DEMO01', 'MEM008', 'PROD001', '2025-10-12 19:45:00', 1, 35000.00, 3500, 1.00, 3500, '承認済み', NULL),
('DEMO01', 'MEM002', 'PROD011', '2025-10-12 21:00:00', 1, 35000.00, 3500, 1.00, 3500, '承認済み', NULL),

-- 10月13日（承認待ち・却下データ）
('DEMO01', 'MEM002', 'PROD003', '2025-10-13 20:00:00', 1, 80000.00, 8000, 3.00, 24000, '承認待ち', 'ドンペリ3倍キャンペーン'),
('DEMO01', 'MEM003', 'PROD001', '2025-10-13 20:30:00', 1, 35000.00, 3500, 1.00, 3500, '承認待ち', NULL),
('DEMO01', 'MEM004', 'PROD006', '2025-10-13 21:00:00', 1, 120000.00, 12000, 1.00, 12000, '承認待ち', 'オーパスワン'),
('DEMO01', 'MEM005', 'PROD002', '2025-10-13 21:30:00', 1, 40000.00, 4000, 1.00, 4000, '承認待ち', NULL),
('DEMO01', 'MEM006', 'PROD016', '2025-10-13 22:00:00', 2, 3000.00, 600, 1.00, 600, '承認待ち', NULL),
('DEMO01', 'MEM007', 'PROD001', '2025-10-13 22:30:00', 1, 35000.00, 3500, 1.00, 3500, '承認待ち', NULL),
('DEMO01', 'MEM008', 'PROD008', '2025-10-13 23:00:00', 1, 25000.00, 2500, 1.00, 2500, '却下', '伝票なし'),
('DEMO01', 'MEM009', 'PROD012', '2025-10-13 23:15:00', 5, 1000.00, 500, 1.00, 500, '却下', '数量が不正確'),

-- 10月14日～16日（イベント期間開始）
('DEMO01', 'MEM003', 'PROD009', '2025-10-14 19:30:00', 1, 18000.00, 1800, 2.00, 3600, '承認済み', '魔王2倍イベント'),
('DEMO01', 'MEM005', 'PROD010', '2025-10-14 20:15:00', 1, 20000.00, 2000, 2.00, 4000, '承認済み', 'ジャックダニエル2倍イベント'),
('DEMO01', 'MEM006', 'PROD012', '2025-10-14 21:00:00', 4, 1000.00, 400, 2.00, 800, '承認済み', '全商品2倍（14日）'),
('DEMO01', 'MEM009', 'PROD001', '2025-10-15 20:00:00', 1, 35000.00, 3500, 1.00, 3500, '承認済み', NULL),
('DEMO01', 'MEM010', 'PROD016', '2025-10-15 21:30:00', 2, 3000.00, 600, 1.00, 600, '承認済み', NULL),

-- 10月16日～21日（第3週）
('DEMO01', 'MEM002', 'PROD002', '2025-10-16 19:30:00', 1, 40000.00, 4000, 1.00, 4000, '承認済み', NULL),
('DEMO01', 'MEM004', 'PROD009', '2025-10-16 20:15:00', 1, 18000.00, 1800, 2.00, 3600, '承認済み', '魔王2倍イベント'),
('DEMO01', 'MEM007', 'PROD012', '2025-10-16 21:45:00', 3, 1000.00, 300, 1.00, 300, '承認済み', NULL),
('DEMO01', 'MEM003', 'PROD001', '2025-10-17 20:00:00', 1, 35000.00, 3500, 1.00, 3500, '承認済み', NULL),
('DEMO01', 'MEM005', 'PROD014', '2025-10-17 21:30:00', 4, 1200.00, 480, 1.00, 480, '承認済み', NULL),
('DEMO01', 'MEM006', 'PROD003', '2025-10-17 22:15:00', 1, 80000.00, 8000, 3.00, 24000, '承認済み', 'ドンペリ3倍キャンペーン'),
('DEMO01', 'MEM008', 'PROD010', '2025-10-18 19:45:00', 1, 20000.00, 2000, 2.00, 4000, '承認済み', 'ジャックダニエル2倍イベント'),
('DEMO01', 'MEM009', 'PROD016', '2025-10-18 21:00:00', 2, 3000.00, 600, 1.00, 600, '承認済み', NULL),
('DEMO01', 'MEM010', 'PROD002', '2025-10-18 22:30:00', 1, 40000.00, 4000, 1.00, 4000, '承認済み', NULL),
('DEMO01', 'MEM002', 'PROD004', '2025-10-19 20:15:00', 1, 150000.00, 15000, 3.00, 45000, '承認済み', 'ドンペリロゼ3倍キャンペーン'),
('DEMO01', 'MEM004', 'PROD012', '2025-10-19 21:30:00', 4, 1000.00, 400, 1.00, 400, '承認済み', NULL),
('DEMO01', 'MEM007', 'PROD001', '2025-10-20 19:30:00', 1, 35000.00, 3500, 1.00, 3500, '承認済み', NULL),
('DEMO01', 'MEM003', 'PROD008', '2025-10-20 21:00:00', 1, 25000.00, 2500, 1.00, 2500, '承認済み', NULL),
('DEMO01', 'MEM005', 'PROD017', '2025-10-21 20:00:00', 2, 2000.00, 400, 1.00, 400, '承認済み', NULL),
('DEMO01', 'MEM006', 'PROD011', '2025-10-21 21:45:00', 1, 35000.00, 3500, 1.00, 3500, '承認済み', NULL),

-- 10月22日～28日（第4週）
('DEMO01', 'MEM008', 'PROD001', '2025-10-22 19:45:00', 1, 35000.00, 3500, 1.00, 3500, '承認済み', NULL),
('DEMO01', 'MEM009', 'PROD013', '2025-10-22 21:15:00', 5, 1000.00, 500, 1.00, 500, '承認済み', NULL),
('DEMO01', 'MEM010', 'PROD009', '2025-10-22 22:30:00', 1, 18000.00, 1800, 2.00, 3600, '承認済み', '魔王2倍イベント'),
('DEMO01', 'MEM002', 'PROD002', '2025-10-23 20:00:00', 1, 40000.00, 4000, 1.00, 4000, '承認済み', NULL),
('DEMO01', 'MEM004', 'PROD016', '2025-10-23 21:30:00', 2, 3000.00, 600, 1.00, 600, '承認済み', NULL),
('DEMO01', 'MEM003', 'PROD006', '2025-10-24 19:45:00', 1, 120000.00, 12000, 1.00, 12000, '承認済み', 'オーパスワン'),
('DEMO01', 'MEM005', 'PROD012', '2025-10-24 21:00:00', 3, 1000.00, 300, 1.00, 300, '承認済み', NULL),
('DEMO01', 'MEM007', 'PROD003', '2025-10-25 20:15:00', 1, 80000.00, 8000, 3.00, 24000, '承認済み', 'ドンペリ3倍キャンペーン'),
('DEMO01', 'MEM006', 'PROD010', '2025-10-25 21:45:00', 1, 20000.00, 2000, 2.00, 4000, '承認済み', 'ジャックダニエル2倍イベント'),
('DEMO01', 'MEM008', 'PROD014', '2025-10-26 20:00:00', 4, 1200.00, 480, 1.00, 480, '承認済み', NULL),
('DEMO01', 'MEM009', 'PROD002', '2025-10-26 21:30:00', 1, 40000.00, 4000, 1.00, 4000, '承認済み', NULL),
('DEMO01', 'MEM010', 'PROD001', '2025-10-27 19:45:00', 1, 35000.00, 3500, 1.00, 3500, '承認済み', NULL),
('DEMO01', 'MEM002', 'PROD005', '2025-10-27 21:15:00', 1, 200000.00, 20000, 1.00, 20000, '承認済み', 'アルマンド'),
('DEMO01', 'MEM004', 'PROD013', '2025-10-28 20:00:00', 4, 1000.00, 400, 1.00, 400, '承認済み', NULL),
('DEMO01', 'MEM003', 'PROD009', '2025-10-28 21:30:00', 1, 18000.00, 1800, 2.00, 3600, '承認済み', '魔王2倍イベント'),

-- 10月29日～31日（月末）
('DEMO01', 'MEM005', 'PROD001', '2025-10-29 19:30:00', 1, 35000.00, 3500, 1.00, 3500, '承認済み', NULL),
('DEMO01', 'MEM006', 'PROD002', '2025-10-29 20:45:00', 1, 40000.00, 4000, 1.00, 4000, '承認済み', NULL),
('DEMO01', 'MEM007', 'PROD016', '2025-10-29 22:00:00', 2, 3000.00, 600, 1.00, 600, '承認済み', NULL),
('DEMO01', 'MEM008', 'PROD010', '2025-10-30 19:45:00', 1, 20000.00, 2000, 2.00, 4000, '承認済み', 'ジャックダニエル2倍イベント（最終日）'),
('DEMO01', 'MEM009', 'PROD003', '2025-10-30 20:30:00', 1, 80000.00, 8000, 3.00, 24000, '承認済み', 'ドンペリ3倍キャンペーン（最終日）'),
('DEMO01', 'MEM010', 'PROD012', '2025-10-30 21:45:00', 5, 1000.00, 500, 1.00, 500, '承認済み', NULL),
('DEMO01', 'MEM002', 'PROD007', '2025-10-31 20:00:00', 1, 180000.00, 18000, 1.00, 18000, '承認済み', 'シャトー・マルゴー'),
('DEMO01', 'MEM004', 'PROD001', '2025-10-31 21:00:00', 1, 35000.00, 3500, 1.00, 3500, '承認済み', NULL),
('DEMO01', 'MEM003', 'PROD002', '2025-10-31 22:15:00', 1, 40000.00, 4000, 1.00, 4000, '承認済み', NULL);

-- ============================================
-- タスク実績データ（毎日のタスクを充実化）
-- ============================================
INSERT INTO task_records (tenant_id, member_id, task_id, date, point, approval_status, reject_reason) VALUES
-- ============================================
-- 9月
-- ============================================
-- 第1週（9/1-9/7）
('DEMO01', 'MEM002', 'TASK001', '2025-09-01', 50, '承認済み', NULL),
('DEMO01', 'MEM003', 'TASK001', '2025-09-01', 50, '承認済み', NULL),
('DEMO01', 'MEM004', 'TASK003', '2025-09-01', 30, '承認済み', NULL),
('DEMO01', 'MEM005', 'TASK008', '2025-09-01', 20, '承認済み', NULL),
('DEMO01', 'MEM003', 'TASK002', '2025-09-02', 50, '承認済み', NULL),
('DEMO01', 'MEM006', 'TASK004', '2025-09-02', 30, '承認済み', NULL),
('DEMO01', 'MEM007', 'TASK007', '2025-09-02', 40, '承認済み', NULL),
('DEMO01', 'MEM002', 'TASK001', '2025-09-03', 50, '承認済み', NULL),
('DEMO01', 'MEM008', 'TASK008', '2025-09-03', 20, '承認済み', NULL),
('DEMO01', 'MEM009', 'TASK003', '2025-09-03', 30, '承認済み', NULL),
('DEMO01', 'MEM003', 'TASK003', '2025-09-05', 30, '承認済み', NULL),
('DEMO01', 'MEM004', 'TASK001', '2025-09-05', 50, '承認済み', NULL),
('DEMO01', 'MEM010', 'TASK008', '2025-09-05', 20, '承認済み', NULL),
('DEMO01', 'MEM006', 'TASK007', '2025-09-06', 40, '承認済み', NULL),
('DEMO01', 'MEM005', 'TASK002', '2025-09-06', 50, '承認済み', NULL),
('DEMO01', 'MEM004', 'TASK008', '2025-09-07', 20, '承認済み', NULL),
('DEMO01', 'MEM005', 'TASK002', '2025-09-08', 50, '承認済み', NULL),
('DEMO01', 'MEM007', 'TASK003', '2025-09-08', 30, '承認済み', NULL),

-- 第2週（9/8-9/14）
('DEMO01', 'MEM006', 'TASK004', '2025-09-10', 30, '承認済み', NULL),
('DEMO01', 'MEM002', 'TASK007', '2025-09-10', 40, '承認済み', NULL),
('DEMO01', 'MEM004', 'TASK001', '2025-09-11', 50, '承認済み', NULL),
('DEMO01', 'MEM008', 'TASK008', '2025-09-11', 20, '承認済み', NULL),
('DEMO01', 'MEM007', 'TASK007', '2025-09-12', 40, '承認済み', NULL),
('DEMO01', 'MEM003', 'TASK002', '2025-09-12', 50, '承認済み', NULL),
('DEMO01', 'MEM005', 'TASK005', '2025-09-13', 40, '承認済み', NULL),
('DEMO01', 'MEM009', 'TASK003', '2025-09-13', 30, '承認済み', NULL),
('DEMO01', 'MEM008', 'TASK001', '2025-09-14', 50, '承認済み', NULL),
('DEMO01', 'MEM010', 'TASK004', '2025-09-14', 30, '承認済み', NULL),

-- 第3週（9/15-9/21）
('DEMO01', 'MEM009', 'TASK003', '2025-09-15', 30, '承認済み', NULL),
('DEMO01', 'MEM006', 'TASK001', '2025-09-15', 50, '承認済み', NULL),
('DEMO01', 'MEM002', 'TASK007', '2025-09-16', 40, '承認済み', NULL),
('DEMO01', 'MEM003', 'TASK008', '2025-09-16', 20, '承認済み', NULL),
('DEMO01', 'MEM010', 'TASK008', '2025-09-17', 20, '承認済み', NULL),
('DEMO01', 'MEM004', 'TASK002', '2025-09-17', 50, '承認済み', NULL),
('DEMO01', 'MEM007', 'TASK003', '2025-09-18', 30, '承認済み', NULL),
('DEMO01', 'MEM002', 'TASK002', '2025-09-19', 50, '承認済み', NULL),
('DEMO01', 'MEM005', 'TASK005', '2025-09-20', 40, '承認済み', NULL),
('DEMO01', 'MEM003', 'TASK001', '2025-09-21', 50, '承認済み', NULL),
('DEMO01', 'MEM008', 'TASK004', '2025-09-21', 30, '承認済み', NULL),

-- 第4週（9/22-9/30）
('DEMO01', 'MEM004', 'TASK004', '2025-09-22', 30, '承認済み', NULL),
('DEMO01', 'MEM006', 'TASK007', '2025-09-22', 40, '承認済み', NULL),
('DEMO01', 'MEM007', 'TASK001', '2025-09-23', 50, '承認済み', NULL),
('DEMO01', 'MEM009', 'TASK008', '2025-09-23', 20, '承認済み', NULL),
('DEMO01', 'MEM005', 'TASK008', '2025-09-24', 20, '承認済み', NULL),
('DEMO01', 'MEM010', 'TASK003', '2025-09-24', 30, '承認済み', NULL),
('DEMO01', 'MEM006', 'TASK002', '2025-09-25', 50, '承認済み', NULL),
('DEMO01', 'MEM002', 'TASK001', '2025-09-25', 50, '承認済み', NULL),
('DEMO01', 'MEM009', 'TASK004', '2025-09-26', 30, '承認済み', NULL),
('DEMO01', 'MEM003', 'TASK007', '2025-09-26', 40, '承認済み', NULL),
('DEMO01', 'MEM007', 'TASK003', '2025-09-27', 30, '承認済み', NULL),
('DEMO01', 'MEM004', 'TASK001', '2025-09-27', 50, '承認済み', NULL),
('DEMO01', 'MEM008', 'TASK007', '2025-09-28', 40, '承認済み', NULL),
('DEMO01', 'MEM005', 'TASK002', '2025-09-28', 50, '承認済み', NULL),
('DEMO01', 'MEM009', 'TASK001', '2025-09-29', 50, '承認済み', NULL),
('DEMO01', 'MEM006', 'TASK008', '2025-09-29', 20, '承認済み', NULL),
('DEMO01', 'MEM010', 'TASK002', '2025-09-30', 50, '承認済み', NULL),
('DEMO01', 'MEM005', 'TASK005', '2025-09-30', 40, '承認済み', NULL),
('DEMO01', 'MEM002', 'TASK003', '2025-09-30', 30, '承認済み', NULL),

-- ============================================
-- 10月
-- ============================================
-- 第1週（10/1-10/7）
('DEMO01', 'MEM002', 'TASK001', '2025-10-01', 50, '承認済み', NULL),
('DEMO01', 'MEM004', 'TASK004', '2025-10-01', 30, '承認済み', NULL),
('DEMO01', 'MEM003', 'TASK008', '2025-10-02', 20, '承認済み', NULL),
('DEMO01', 'MEM005', 'TASK003', '2025-10-02', 30, '承認済み', NULL),
('DEMO01', 'MEM004', 'TASK003', '2025-10-03', 30, '承認済み', NULL),
('DEMO01', 'MEM006', 'TASK001', '2025-10-03', 50, '承認済み', NULL),
('DEMO01', 'MEM005', 'TASK002', '2025-10-04', 50, '承認済み', NULL),
('DEMO01', 'MEM007', 'TASK008', '2025-10-04', 20, '承認済み', NULL),
('DEMO01', 'MEM006', 'TASK004', '2025-10-05', 30, '承認済み', NULL),
('DEMO01', 'MEM008', 'TASK007', '2025-10-05', 40, '承認済み', NULL),
('DEMO01', 'MEM007', 'TASK007', '2025-10-06', 40, '承認済み', NULL),
('DEMO01', 'MEM009', 'TASK001', '2025-10-06', 50, '承認済み', NULL),
('DEMO01', 'MEM008', 'TASK001', '2025-10-07', 50, '承認済み', NULL),
('DEMO01', 'MEM010', 'TASK003', '2025-10-07', 30, '承認済み', NULL),

-- 第2週（10/8-10/14）
('DEMO01', 'MEM009', 'TASK003', '2025-10-08', 30, '承認済み', NULL),
('DEMO01', 'MEM002', 'TASK002', '2025-10-08', 50, '承認済み', NULL),
('DEMO01', 'MEM010', 'TASK008', '2025-10-09', 20, '承認済み', NULL),
('DEMO01', 'MEM003', 'TASK004', '2025-10-09', 30, '承認済み', NULL),
('DEMO01', 'MEM002', 'TASK002', '2025-10-10', 50, '承認済み', NULL),
('DEMO01', 'MEM004', 'TASK007', '2025-10-10', 40, '承認済み', NULL),
('DEMO01', 'MEM003', 'TASK001', '2025-10-11', 50, '承認済み', NULL),
('DEMO01', 'MEM005', 'TASK008', '2025-10-11', 20, '承認済み', NULL),
('DEMO01', 'MEM004', 'TASK003', '2025-10-12', 30, '承認済み', NULL),
('DEMO01', 'MEM006', 'TASK002', '2025-10-12', 50, '承認済み', NULL),

-- 10月13日（承認待ち・却下データ）
('DEMO01', 'MEM002', 'TASK001', '2025-10-13', 50, '承認待ち', NULL),
('DEMO01', 'MEM003', 'TASK003', '2025-10-13', 30, '承認待ち', NULL),
('DEMO01', 'MEM004', 'TASK008', '2025-10-13', 20, '承認待ち', NULL),
('DEMO01', 'MEM005', 'TASK002', '2025-10-13', 50, '承認待ち', NULL),
('DEMO01', 'MEM006', 'TASK006', '2025-10-13', 50, '承認待ち', NULL),
('DEMO01', 'MEM007', 'TASK003', '2025-10-13', 30, '却下', '作業が不完全'),
('DEMO01', 'MEM008', 'TASK008', '2025-10-13', 20, '却下', 'LINE送信記録なし'),

-- 10月14日～15日
('DEMO01', 'MEM007', 'TASK001', '2025-10-14', 50, '承認済み', NULL),
('DEMO01', 'MEM008', 'TASK004', '2025-10-14', 30, '承認済み', NULL),
('DEMO01', 'MEM009', 'TASK007', '2025-10-15', 40, '承認済み', NULL),
('DEMO01', 'MEM010', 'TASK002', '2025-10-15', 50, '承認済み', NULL),

-- 第3週（10/16-10/21）
('DEMO01', 'MEM002', 'TASK001', '2025-10-16', 50, '承認済み', NULL),
('DEMO01', 'MEM003', 'TASK003', '2025-10-16', 30, '承認済み', NULL),
('DEMO01', 'MEM004', 'TASK008', '2025-10-17', 20, '承認済み', NULL),
('DEMO01', 'MEM005', 'TASK002', '2025-10-17', 50, '承認済み', NULL),
('DEMO01', 'MEM006', 'TASK004', '2025-10-18', 30, '承認済み', NULL),
('DEMO01', 'MEM007', 'TASK007', '2025-10-18', 40, '承認済み', NULL),
('DEMO01', 'MEM008', 'TASK001', '2025-10-19', 50, '承認済み', NULL),
('DEMO01', 'MEM009', 'TASK003', '2025-10-19', 30, '承認済み', NULL),
('DEMO01', 'MEM010', 'TASK008', '2025-10-20', 20, '承認済み', NULL),
('DEMO01', 'MEM002', 'TASK002', '2025-10-20', 50, '承認済み', NULL),
('DEMO01', 'MEM003', 'TASK001', '2025-10-21', 50, '承認済み', NULL),
('DEMO01', 'MEM004', 'TASK004', '2025-10-21', 30, '承認済み', NULL),

-- 第4週（10/22-10/28）
('DEMO01', 'MEM005', 'TASK007', '2025-10-22', 40, '承認済み', NULL),
('DEMO01', 'MEM006', 'TASK003', '2025-10-22', 30, '承認済み', NULL),
('DEMO01', 'MEM007', 'TASK001', '2025-10-23', 50, '承認済み', NULL),
('DEMO01', 'MEM008', 'TASK008', '2025-10-23', 20, '承認済み', NULL),
('DEMO01', 'MEM009', 'TASK002', '2025-10-24', 50, '承認済み', NULL),
('DEMO01', 'MEM010', 'TASK004', '2025-10-24', 30, '承認済み', NULL),
('DEMO01', 'MEM002', 'TASK003', '2025-10-25', 30, '承認済み', NULL),
('DEMO01', 'MEM003', 'TASK007', '2025-10-25', 40, '承認済み', NULL),
('DEMO01', 'MEM004', 'TASK001', '2025-10-26', 50, '承認済み', NULL),
('DEMO01', 'MEM005', 'TASK008', '2025-10-26', 20, '承認済み', NULL),
('DEMO01', 'MEM006', 'TASK002', '2025-10-27', 50, '承認済み', NULL),
('DEMO01', 'MEM007', 'TASK005', '2025-10-27', 40, '承認済み', NULL),
('DEMO01', 'MEM008', 'TASK003', '2025-10-28', 30, '承認済み', NULL),
('DEMO01', 'MEM009', 'TASK001', '2025-10-28', 50, '承認済み', NULL),

-- 10月29日～31日（月末）
('DEMO01', 'MEM010', 'TASK004', '2025-10-29', 30, '承認済み', NULL),
('DEMO01', 'MEM002', 'TASK007', '2025-10-29', 40, '承認済み', NULL),
('DEMO01', 'MEM003', 'TASK001', '2025-10-30', 50, '承認済み', NULL),
('DEMO01', 'MEM004', 'TASK008', '2025-10-30', 20, '承認済み', NULL),
('DEMO01', 'MEM005', 'TASK002', '2025-10-31', 50, '承認済み', NULL),
('DEMO01', 'MEM006', 'TASK003', '2025-10-31', 30, '承認済み', NULL),
('DEMO01', 'MEM007', 'TASK001', '2025-10-31', 50, '承認済み', NULL);

-- ============================================
-- アクション実績データ
-- ============================================
INSERT INTO action_records (tenant_id, member_id, action_id, date, point, approval_status, reject_reason) VALUES
-- ============================================
-- 9月
-- ============================================
-- 第1週（9/1-9/7）
('DEMO01', 'MEM002', 'ACT001', '2025-09-01', 300, '承認済み', NULL),
('DEMO01', 'MEM004', 'ACT002', '2025-09-01', 150, '承認済み', NULL),
('DEMO01', 'MEM003', 'ACT002', '2025-09-02', 150, '承認済み', NULL),
('DEMO01', 'MEM005', 'ACT013', '2025-09-02', 50, '承認済み', NULL),
('DEMO01', 'MEM002', 'ACT001', '2025-09-03', 300, '承認済み', NULL),
('DEMO01', 'MEM006', 'ACT012', '2025-09-03', 100, '承認済み', NULL),
('DEMO01', 'MEM003', 'ACT001', '2025-09-05', 300, '承認済み', NULL),
('DEMO01', 'MEM007', 'ACT001', '2025-09-06', 300, '承認済み', NULL),
('DEMO01', 'MEM004', 'ACT007', '2025-09-07', 500, '承認済み', NULL),
('DEMO01', 'MEM005', 'ACT001', '2025-09-08', 300, '承認済み', NULL),

-- 第2週（9/8-9/14）
('DEMO01', 'MEM006', 'ACT002', '2025-09-10', 150, '承認済み', NULL),
('DEMO01', 'MEM008', 'ACT013', '2025-09-11', 50, '承認済み', NULL),
('DEMO01', 'MEM002', 'ACT003', '2025-09-12', 300, '承認済み', NULL),
('DEMO01', 'MEM009', 'ACT008', '2025-09-13', 300, '承認済み', NULL),
('DEMO01', 'MEM008', 'ACT003', '2025-09-14', 300, '承認済み', NULL),

-- 第3週（9/15-9/21）
('DEMO01', 'MEM010', 'ACT012', '2025-09-15', 100, '承認済み', NULL),
('DEMO01', 'MEM004', 'ACT013', '2025-09-16', 50, '承認済み', NULL),
('DEMO01', 'MEM003', 'ACT009', '2025-09-17', 1000, '承認済み', NULL),
('DEMO01', 'MEM007', 'ACT002', '2025-09-18', 150, '承認済み', NULL),
('DEMO01', 'MEM004', 'ACT001', '2025-09-19', 300, '承認済み', NULL),
('DEMO01', 'MEM010', 'ACT002', '2025-09-20', 150, '承認済み', NULL),
('DEMO01', 'MEM005', 'ACT003', '2025-09-21', 300, '承認済み', NULL),

-- 第4週（9/22-9/30）
('DEMO01', 'MEM002', 'ACT004', '2025-09-22', 500, '承認済み', NULL),
('DEMO01', 'MEM003', 'ACT003', '2025-09-23', 300, '承認済み', NULL),
('DEMO01', 'MEM007', 'ACT012', '2025-09-24', 100, '承認済み', NULL),
('DEMO01', 'MEM008', 'ACT001', '2025-09-25', 300, '承認済み', NULL),
('DEMO01', 'MEM010', 'ACT012', '2025-09-26', 100, '承認済み', NULL),
('DEMO01', 'MEM009', 'ACT013', '2025-09-27', 50, '承認済み', NULL),
('DEMO01', 'MEM006', 'ACT008', '2025-09-28', 300, '承認済み', NULL),
('DEMO01', 'MEM002', 'ACT002', '2025-09-29', 150, '承認済み', NULL),
('DEMO01', 'MEM004', 'ACT001', '2025-09-30', 300, '承認済み', NULL),

-- ============================================
-- 10月
-- ============================================
-- 第1週（10/1-10/7）
('DEMO01', 'MEM002', 'ACT001', '2025-10-01', 300, '承認済み', NULL),
('DEMO01', 'MEM003', 'ACT013', '2025-10-02', 50, '承認済み', NULL),
('DEMO01', 'MEM004', 'ACT001', '2025-10-03', 300, '承認済み', NULL),
('DEMO01', 'MEM005', 'ACT008', '2025-10-04', 300, '承認済み', NULL),
('DEMO01', 'MEM006', 'ACT002', '2025-10-05', 150, '承認済み', NULL),
('DEMO01', 'MEM007', 'ACT012', '2025-10-06', 100, '承認済み', NULL),
('DEMO01', 'MEM002', 'ACT004', '2025-10-07', 500, '承認済み', NULL),

-- 第2週（10/8-10/14）
('DEMO01', 'MEM008', 'ACT003', '2025-10-08', 300, '承認済み', NULL),
('DEMO01', 'MEM009', 'ACT001', '2025-10-09', 300, '承認済み', NULL),
('DEMO01', 'MEM010', 'ACT013', '2025-10-10', 50, '承認済み', NULL),
('DEMO01', 'MEM003', 'ACT001', '2025-10-11', 300, '承認済み', NULL),
('DEMO01', 'MEM004', 'ACT012', '2025-10-12', 100, '承認済み', NULL),

-- 10月13日（承認待ち・却下データ）
('DEMO01', 'MEM002', 'ACT007', '2025-10-13', 500, '承認待ち', NULL),
('DEMO01', 'MEM003', 'ACT009', '2025-10-13', 1000, '承認待ち', NULL),
('DEMO01', 'MEM004', 'ACT008', '2025-10-13', 300, '承認待ち', NULL),
('DEMO01', 'MEM006', 'ACT007', '2025-10-13', 500, '承認待ち', NULL),
('DEMO01', 'MEM007', 'ACT001', '2025-10-13', 300, '承認待ち', NULL),
('DEMO01', 'MEM008', 'ACT009', '2025-10-13', 1000, '却下', '証拠写真なし'),
('DEMO01', 'MEM009', 'ACT007', '2025-10-13', 500, '却下', '同伴の確認が取れない'),

-- 10月14日～15日
('DEMO01', 'MEM005', 'ACT001', '2025-10-14', 300, '承認済み', NULL),
('DEMO01', 'MEM006', 'ACT003', '2025-10-14', 300, '承認済み', NULL),
('DEMO01', 'MEM007', 'ACT002', '2025-10-15', 150, '承認済み', NULL),
('DEMO01', 'MEM008', 'ACT012', '2025-10-15', 100, '承認済み', NULL),

-- 第3週（10/16-10/21）
('DEMO01', 'MEM002', 'ACT001', '2025-10-16', 300, '承認済み', NULL),
('DEMO01', 'MEM003', 'ACT002', '2025-10-16', 150, '承認済み', NULL),
('DEMO01', 'MEM004', 'ACT013', '2025-10-17', 50, '承認済み', NULL),
('DEMO01', 'MEM005', 'ACT003', '2025-10-17', 300, '承認済み', NULL),
('DEMO01', 'MEM006', 'ACT012', '2025-10-18', 100, '承認済み', NULL),
('DEMO01', 'MEM007', 'ACT001', '2025-10-18', 300, '承認済み', NULL),
('DEMO01', 'MEM008', 'ACT008', '2025-10-19', 300, '承認済み', NULL),
('DEMO01', 'MEM009', 'ACT002', '2025-10-19', 150, '承認済み', NULL),
('DEMO01', 'MEM010', 'ACT001', '2025-10-20', 300, '承認済み', NULL),
('DEMO01', 'MEM002', 'ACT013', '2025-10-20', 50, '承認済み', NULL),
('DEMO01', 'MEM003', 'ACT003', '2025-10-21', 300, '承認済み', NULL),
('DEMO01', 'MEM004', 'ACT012', '2025-10-21', 100, '承認済み', NULL),

-- 第4週（10/22-10/28）
('DEMO01', 'MEM005', 'ACT001', '2025-10-22', 300, '承認済み', NULL),
('DEMO01', 'MEM006', 'ACT004', '2025-10-22', 500, '承認済み', NULL),
('DEMO01', 'MEM007', 'ACT013', '2025-10-23', 50, '承認済み', NULL),
('DEMO01', 'MEM008', 'ACT002', '2025-10-23', 150, '承認済み', NULL),
('DEMO01', 'MEM009', 'ACT009', '2025-10-24', 1000, '承認済み', NULL),
('DEMO01', 'MEM010', 'ACT012', '2025-10-24', 100, '承認済み', NULL),
('DEMO01', 'MEM002', 'ACT003', '2025-10-25', 300, '承認済み', NULL),
('DEMO01', 'MEM003', 'ACT001', '2025-10-25', 300, '承認済み', NULL),
('DEMO01', 'MEM004', 'ACT008', '2025-10-26', 300, '承認済み', NULL),
('DEMO01', 'MEM005', 'ACT013', '2025-10-26', 50, '承認済み', NULL),
('DEMO01', 'MEM006', 'ACT001', '2025-10-27', 300, '承認済み', NULL),
('DEMO01', 'MEM007', 'ACT003', '2025-10-27', 300, '承認済み', NULL),
('DEMO01', 'MEM008', 'ACT012', '2025-10-28', 100, '承認済み', NULL),
('DEMO01', 'MEM009', 'ACT002', '2025-10-28', 150, '承認済み', NULL),

-- 10月29日～31日（月末）
('DEMO01', 'MEM010', 'ACT001', '2025-10-29', 300, '承認済み', NULL),
('DEMO01', 'MEM002', 'ACT007', '2025-10-29', 500, '承認済み', NULL),
('DEMO01', 'MEM003', 'ACT002', '2025-10-30', 150, '承認済み', NULL),
('DEMO01', 'MEM004', 'ACT013', '2025-10-30', 50, '承認済み', NULL),
('DEMO01', 'MEM005', 'ACT001', '2025-10-31', 300, '承認済み', NULL),
('DEMO01', 'MEM006', 'ACT012', '2025-10-31', 100, '承認済み', NULL),
('DEMO01', 'MEM007', 'ACT003', '2025-10-31', 300, '承認済み', NULL);

SELECT 'CLUB高濱のリアルなデータ挿入が完了しました（9月・10月完全版）' AS message;
