-- 拡張サンプルデータ挿入スクリプト（2024-2025年の1年分）
USE incentive_local;

-- 既存データをクリア
SET FOREIGN_KEY_CHECKS = 0;
TRUNCATE TABLE audit_logs;
TRUNCATE TABLE bulletins;
TRUNCATE TABLE action_records;
TRUNCATE TABLE task_records;
TRUNCATE TABLE sales_records;
TRUNCATE TABLE events;
TRUNCATE TABLE actions;
TRUNCATE TABLE tasks;
TRUNCATE TABLE products;
TRUNCATE TABLE members;
TRUNCATE TABLE teams;
TRUNCATE TABLE sessions;
TRUNCATE TABLE tenants;
SET FOREIGN_KEY_CHECKS = 1;

-- ========================================
-- テナントデータ（5社）
-- ========================================
INSERT INTO tenants (tenant_id, tenant_name, status) VALUES
('DEMO01', 'デモテナント株式会社', '有効'),
('CORP02', '株式会社サンプルコーポレーション', '有効'),
('TECH03', 'テックソリューションズ株式会社', '有効'),
('SALE04', 'セールスマスター株式会社', '有効'),
('MARK05', 'マーケティングプロ株式会社', '有効');

-- ========================================
-- チームデータ（各社複数チーム）
-- ========================================
INSERT INTO teams (team_id, tenant_id, team_name, status) VALUES
-- DEMO01のチーム
('TEAM001', 'DEMO01', '営業第一部', '有効'),
('TEAM002', 'DEMO01', '営業第二部', '有効'),
('TEAM003', 'DEMO01', 'マーケティング部', '有効'),
('TEAM004', 'DEMO01', 'カスタマーサポート部', '有効'),
('TEAM005', 'DEMO01', '開発部', '有効'),
-- CORP02のチーム
('TEAM006', 'CORP02', '東京営業部', '有効'),
('TEAM007', 'CORP02', '大阪営業部', '有効'),
('TEAM008', 'CORP02', '企画部', '有効'),
-- TECH03のチーム
('TEAM009', 'TECH03', 'ソリューション営業', '有効'),
('TEAM010', 'TECH03', 'テクニカルサポート', '有効'),
-- SALE04のチーム
('TEAM011', 'SALE04', 'インサイドセールス', '有効'),
('TEAM012', 'SALE04', 'フィールドセールス', '有効'),
-- MARK05のチーム
('TEAM013', 'MARK05', 'デジタルマーケティング', '有効'),
('TEAM014', 'MARK05', 'コンテンツ制作', '有効');

-- ========================================
-- メンバーデータ（各チームに複数名）
-- ========================================
INSERT INTO members (member_id, tenant_id, login_id, name, role, pin, team_id, status) VALUES
-- DEMO01のメンバー（管理者1名 + 各チーム3-5名）
('MEM001', 'DEMO01', 'admin', '管理者太郎', 'admin', '1234', 'TEAM001', '有効'),
('MEM002', 'DEMO01', 'tanaka', '田中太郎', 'user', '5678', 'TEAM001', '有効'),
('MEM003', 'DEMO01', 'suzuki', '鈴木次郎', 'user', '9012', 'TEAM001', '有効'),
('MEM004', 'DEMO01', 'sato', '佐藤花子', 'user', '3456', 'TEAM001', '有効'),
('MEM005', 'DEMO01', 'yamada', '山田美咲', 'user', '7890', 'TEAM002', '有効'),
('MEM006', 'DEMO01', 'watanabe', '渡辺健太', 'user', '2345', 'TEAM002', '有効'),
('MEM007', 'DEMO01', 'ito', '伊藤真一', 'user', '6789', 'TEAM002', '有効'),
('MEM008', 'DEMO01', 'kobayashi', '小林由美', 'user', '0123', 'TEAM002', '有効'),
('MEM009', 'DEMO01', 'kato', '加藤雄介', 'user', '4567', 'TEAM003', '有効'),
('MEM010', 'DEMO01', 'yoshida', '吉田麻衣', 'user', '8901', 'TEAM003', '有効'),
('MEM011', 'DEMO01', 'nakamura', '中村隆', 'user', '2346', 'TEAM003', '有効'),
('MEM012', 'DEMO01', 'yamamoto', '山本さくら', 'user', '6780', 'TEAM004', '有効'),
('MEM013', 'DEMO01', 'matsumoto', '松本大輔', 'user', '0124', 'TEAM004', '有効'),
('MEM014', 'DEMO01', 'inoue', '井上愛子', 'user', '4568', 'TEAM004', '有効'),
('MEM015', 'DEMO01', 'kimura', '木村拓也', 'user', '8902', 'TEAM005', '有効'),
('MEM016', 'DEMO01', 'hayashi', '林美香', 'user', '2347', 'TEAM005', '有効'),

-- CORP02のメンバー
('MEM017', 'CORP02', 'admin02', '管理者二郎', 'admin', '1111', 'TEAM006', '有効'),
('MEM018', 'CORP02', 'takahashi', '高橋誠', 'user', '2222', 'TEAM006', '有効'),
('MEM019', 'CORP02', 'nakano', '中野美穂', 'user', '3333', 'TEAM006', '有効'),
('MEM020', 'CORP02', 'fujita', '藤田健', 'user', '4444', 'TEAM006', '有効'),
('MEM021', 'CORP02', 'maeda', '前田和子', 'user', '5555', 'TEAM007', '有効'),
('MEM022', 'CORP02', 'okada', '岡田慎吾', 'user', '6666', 'TEAM007', '有効'),
('MEM023', 'CORP02', 'hasegawa', '長谷川優子', 'user', '7777', 'TEAM007', '有効'),
('MEM024', 'CORP02', 'mori', '森裕太', 'user', '8888', 'TEAM008', '有効'),
('MEM025', 'CORP02', 'shimizu', '清水あゆみ', 'user', '9999', 'TEAM008', '有効'),

-- TECH03のメンバー
('MEM026', 'TECH03', 'admin03', '管理者三郎', 'admin', '0001', 'TEAM009', '有効'),
('MEM027', 'TECH03', 'yamazaki', '山崎浩二', 'user', '0002', 'TEAM009', '有効'),
('MEM028', 'TECH03', 'ikeda', '池田明美', 'user', '0003', 'TEAM009', '有効'),
('MEM029', 'TECH03', 'aoki', '青木達也', 'user', '0004', 'TEAM010', '有効'),
('MEM030', 'TECH03', 'sasaki', '佐々木理恵', 'user', '0005', 'TEAM010', '有効'),

-- SALE04のメンバー
('MEM031', 'SALE04', 'admin04', '管理者四郎', 'admin', '1010', 'TEAM011', '有効'),
('MEM032', 'SALE04', 'goto', '後藤翔太', 'user', '2020', 'TEAM011', '有効'),
('MEM033', 'SALE04', 'endo', '遠藤香織', 'user', '3030', 'TEAM011', '有効'),
('MEM034', 'SALE04', 'nishimura', '西村健一', 'user', '4040', 'TEAM012', '有効'),
('MEM035', 'SALE04', 'fujii', '藤井真由美', 'user', '5050', 'TEAM012', '有効'),

-- MARK05のメンバー
('MEM036', 'MARK05', 'admin05', '管理者五郎', 'admin', '1001', 'TEAM013', '有効'),
('MEM037', 'MARK05', 'ishikawa', '石川拓海', 'user', '2002', 'TEAM013', '有効'),
('MEM038', 'MARK05', 'sakamoto', '坂本彩', 'user', '3003', 'TEAM013', '有効'),
('MEM039', 'MARK05', 'kaneko', '金子聡', 'user', '4004', 'TEAM014', '有効'),
('MEM040', 'MARK05', 'murakami', '村上奈々', 'user', '5005', 'TEAM014', '有効');

-- ========================================
-- 商品データ（多様なカテゴリ）
-- ========================================
INSERT INTO products (product_id, tenant_id, product_name, large_category, medium_category, small_category, point, price, cost, status, approval_required, description) VALUES
-- DEMO01の商品（IT機器・ソフトウェア）
('PROD001', 'DEMO01', 'ノートPC スタンダード', 'IT機器', 'PC', 'ノートPC', 100, 80000.00, 60000.00, '有効', FALSE, 'ビジネス向けノートPC'),
('PROD002', 'DEMO01', 'ノートPC プレミアム', 'IT機器', 'PC', 'ノートPC', 200, 150000.00, 110000.00, '有効', TRUE, '高性能ノートPC'),
('PROD003', 'DEMO01', 'デスクトップPC', 'IT機器', 'PC', 'デスクトップ', 150, 120000.00, 90000.00, '有効', FALSE, 'オフィス向けデスクトップ'),
('PROD004', 'DEMO01', 'モニター 24インチ', 'IT機器', '周辺機器', 'モニター', 50, 30000.00, 20000.00, '有効', FALSE, 'フルHDモニター'),
('PROD005', 'DEMO01', 'モニター 32インチ', 'IT機器', '周辺機器', 'モニター', 100, 60000.00, 45000.00, '有効', FALSE, '4Kモニター'),
('PROD006', 'DEMO01', 'キーボード', 'IT機器', '周辺機器', '入力機器', 20, 8000.00, 5000.00, '有効', FALSE, 'ワイヤレスキーボード'),
('PROD007', 'DEMO01', 'マウス', 'IT機器', '周辺機器', '入力機器', 10, 3000.00, 2000.00, '有効', FALSE, 'ワイヤレスマウス'),
('PROD008', 'DEMO01', 'Webカメラ', 'IT機器', '周辺機器', 'カメラ', 30, 15000.00, 10000.00, '有効', FALSE, 'HD Webカメラ'),
('PROD009', 'DEMO01', 'プリンター', 'IT機器', '周辺機器', 'プリンター', 80, 50000.00, 35000.00, '有効', FALSE, '複合機プリンター'),
('PROD010', 'DEMO01', 'オフィスソフト', 'ソフトウェア', '業務ソフト', 'オフィス', 50, 25000.00, 15000.00, '有効', FALSE, '文書作成ソフト'),
('PROD011', 'DEMO01', 'セキュリティソフト', 'ソフトウェア', 'セキュリティ', 'アンチウイルス', 40, 10000.00, 6000.00, '有効', FALSE, 'ウイルス対策ソフト'),
('PROD012', 'DEMO01', 'クラウドストレージ 1TB', 'ソフトウェア', 'クラウド', 'ストレージ', 30, 12000.00, 8000.00, '有効', FALSE, '年間契約'),
('PROD013', 'DEMO01', 'プロジェクト管理ツール', 'ソフトウェア', '業務ソフト', 'プロジェクト管理', 60, 30000.00, 20000.00, '有効', TRUE, '年間契約'),

-- CORP02の商品（オフィス用品）
('PROD014', 'CORP02', 'オフィスチェア スタンダード', 'オフィス家具', '椅子', 'ワークチェア', 70, 40000.00, 28000.00, '有効', FALSE, 'エルゴノミクスチェア'),
('PROD015', 'CORP02', 'オフィスチェア エグゼクティブ', 'オフィス家具', '椅子', 'エグゼクティブチェア', 150, 100000.00, 70000.00, '有効', TRUE, '高級チェア'),
('PROD016', 'CORP02', 'デスク 120cm', 'オフィス家具', 'デスク', 'ワークデスク', 100, 50000.00, 35000.00, '有効', FALSE, 'スタンダードデスク'),
('PROD017', 'CORP02', 'デスク 160cm', 'オフィス家具', 'デスク', 'ワークデスク', 150, 80000.00, 56000.00, '有効', FALSE, 'ワイドデスク'),
('PROD018', 'CORP02', 'キャビネット', 'オフィス家具', '収納', 'キャビネット', 80, 45000.00, 32000.00, '有効', FALSE, '3段キャビネット'),
('PROD019', 'CORP02', '書庫', 'オフィス家具', '収納', '書庫', 120, 70000.00, 50000.00, '有効', FALSE, 'スチール書庫'),
('PROD020', 'CORP02', 'ホワイトボード', 'オフィス用品', '備品', 'ボード', 30, 15000.00, 10000.00, '有効', FALSE, '1800×900mm'),

-- TECH03の商品（ITサービス）
('PROD021', 'TECH03', 'クラウドサーバー Small', 'クラウドサービス', 'サーバー', 'IaaS', 100, 50000.00, 35000.00, '有効', FALSE, '月額契約'),
('PROD022', 'TECH03', 'クラウドサーバー Medium', 'クラウドサービス', 'サーバー', 'IaaS', 200, 100000.00, 70000.00, '有効', TRUE, '月額契約'),
('PROD023', 'TECH03', 'クラウドサーバー Large', 'クラウドサービス', 'サーバー', 'IaaS', 400, 200000.00, 140000.00, '有効', TRUE, '月額契約'),
('PROD024', 'TECH03', 'データベースサービス', 'クラウドサービス', 'データベース', 'DBaaS', 150, 80000.00, 56000.00, '有効', TRUE, '月額契約'),
('PROD025', 'TECH03', 'ストレージサービス', 'クラウドサービス', 'ストレージ', 'オブジェクトストレージ', 80, 40000.00, 28000.00, '有効', FALSE, '月額契約'),

-- SALE04の商品（営業支援ツール）
('PROD026', 'SALE04', 'CRMツール Basic', 'SaaS', '営業支援', 'CRM', 100, 50000.00, 35000.00, '有効', FALSE, '月額契約'),
('PROD027', 'SALE04', 'CRMツール Professional', 'SaaS', '営業支援', 'CRM', 200, 100000.00, 70000.00, '有効', TRUE, '月額契約'),
('PROD028', 'SALE04', 'SFAツール', 'SaaS', '営業支援', 'SFA', 150, 80000.00, 56000.00, '有効', TRUE, '月額契約'),
('PROD029', 'SALE04', '名刺管理ツール', 'SaaS', '営業支援', '名刺管理', 50, 20000.00, 14000.00, '有効', FALSE, '月額契約'),

-- MARK05の商品（マーケティングツール）
('PROD030', 'MARK05', 'MAツール', 'SaaS', 'マーケティング', 'MA', 200, 120000.00, 84000.00, '有効', TRUE, '月額契約'),
('PROD031', 'MARK05', 'アクセス解析ツール', 'SaaS', 'マーケティング', 'アクセス解析', 80, 50000.00, 35000.00, '有効', FALSE, '月額契約'),
('PROD032', 'MARK05', 'SNS管理ツール', 'SaaS', 'マーケティング', 'SNS管理', 60, 30000.00, 21000.00, '有効', FALSE, '月額契約'),
('PROD033', 'MARK05', 'メール配信ツール', 'SaaS', 'マーケティング', 'メール配信', 70, 40000.00, 28000.00, '有効', FALSE, '月額契約');

-- ========================================
-- タスクデータ（多様な業務タスク）
-- ========================================
INSERT INTO tasks (task_id, tenant_id, task_name, type, repeat_type, point, daily_limit, approval_required, status, description) VALUES
-- DEMO01のタスク
('TASK001', 'DEMO01', '朝礼参加', '日次', '毎日', 10, 1, FALSE, '有効', '毎朝の朝礼に参加する'),
('TASK002', 'DEMO01', '日報作成', '日次', '毎日', 20, 1, FALSE, '有効', '業務日報を作成して提出'),
('TASK003', 'DEMO01', '週次報告書作成', '週次', '毎週', 50, 1, TRUE, '有効', '週次の活動報告書を作成'),
('TASK004', 'DEMO01', '月次会議参加', '月次', '毎月', 100, 1, FALSE, '有効', '月次の定例会議に参加'),
('TASK005', 'DEMO01', '顧客訪問', '日次', '毎日', 30, 5, FALSE, '有効', '顧客先を訪問する'),
('TASK006', 'DEMO01', '新規顧客開拓活動', '日次', '毎日', 40, 3, TRUE, '有効', '新規顧客の開拓活動'),
('TASK007', 'DEMO01', '社内研修受講', '一回限り', '一回限り', 200, 1, TRUE, '有効', '社内研修プログラムを受講'),
('TASK008', 'DEMO01', 'メンター活動', '週次', '毎週', 80, 1, TRUE, '有効', '新入社員のメンタリング'),

-- CORP02のタスク
('TASK009', 'CORP02', '商品デモ実施', '日次', '毎日', 50, 3, FALSE, '有効', '顧客に商品デモを実施'),
('TASK010', 'CORP02', '提案書作成', '日次', '毎日', 40, 2, TRUE, '有効', '営業提案書を作成'),
('TASK011', 'CORP02', '契約書確認', '日次', '毎日', 30, 5, FALSE, '有効', '契約書の内容確認'),
('TASK012', 'CORP02', '週次ミーティング', '週次', '毎週', 30, 1, FALSE, '有効', 'チーム週次ミーティング'),

-- TECH03のタスク
('TASK013', 'TECH03', '技術サポート対応', '日次', '毎日', 25, 10, FALSE, '有効', '顧客の技術サポート対応'),
('TASK014', 'TECH03', 'システム障害対応', '日次', '毎日', 100, 3, TRUE, '有効', 'システム障害の対応'),
('TASK015', 'TECH03', '技術ドキュメント作成', '週次', '毎週', 60, 1, TRUE, '有効', '技術資料の作成'),

-- SALE04のタスク
('TASK016', 'SALE04', 'アポイント獲得', '日次', '毎日', 30, 5, FALSE, '有効', '営業アポイントを獲得'),
('TASK017', 'SALE04', '商談実施', '日次', '毎日', 50, 3, FALSE, '有効', '商談を実施'),
('TASK018', 'SALE04', 'クロージング活動', '日次', '毎日', 80, 2, TRUE, '有効', '成約に向けたクロージング'),

-- MARK05のタスク
('TASK019', 'MARK05', 'コンテンツ制作', '日次', '毎日', 40, 3, TRUE, '有効', 'マーケティングコンテンツ制作'),
('TASK020', 'MARK05', 'SNS投稿', '日次', '毎日', 15, 5, FALSE, '有効', 'SNSへの投稿'),
('TASK021', 'MARK05', 'キャンペーン企画', '月次', '毎月', 150, 1, TRUE, '有効', 'マーケティングキャンペーン企画');

-- ========================================
-- アクションデータ（特別な業績・貢献）
-- ========================================
INSERT INTO actions (action_id, tenant_id, action_name, target, point, approval_required, status, description) VALUES
-- DEMO01のアクション
('ACT001', 'DEMO01', '大型案件受注', '全員', 500, TRUE, '有効', '500万円以上の案件受注'),
('ACT002', 'DEMO01', '中型案件受注', '全員', 300, TRUE, '有効', '300万円以上の案件受注'),
('ACT003', 'DEMO01', '小型案件受注', '全員', 150, FALSE, '有効', '100万円以上の案件受注'),
('ACT004', 'DEMO01', '顧客紹介', '全員', 100, FALSE, '有効', '新規顧客を紹介'),
('ACT005', 'DEMO01', 'チーム目標達成貢献', 'チーム', 200, TRUE, '有効', 'チーム目標達成に大きく貢献'),
('ACT006', 'DEMO01', '業務改善提案採用', '全員', 150, TRUE, '有効', '業務改善提案が採用された'),
('ACT007', 'DEMO01', '社内表彰', '全員', 300, TRUE, '有効', '社内表彰を受けた'),
('ACT008', 'DEMO01', '顧客満足度向上', '全員', 100, TRUE, '有効', '顧客満足度調査で高評価'),

-- CORP02のアクション
('ACT009', 'CORP02', '新規取引先開拓', '全員', 400, TRUE, '有効', '新規取引先との契約締結'),
('ACT010', 'CORP02', 'クレーム解決', '全員', 80, TRUE, '有効', '顧客クレームを適切に解決'),
('ACT011', 'CORP02', 'リピート受注', '全員', 120, FALSE, '有効', '既存顧客からのリピート受注'),

-- TECH03のアクション
('ACT012', 'TECH03', '重大障害復旧', '全員', 300, TRUE, '有効', '重大なシステム障害を復旧'),
('ACT013', 'TECH03', '技術提案採用', '全員', 200, TRUE, '有効', '技術提案が顧客に採用された'),
('ACT014', 'TECH03', 'セミナー講師', '全員', 150, TRUE, '有効', '社外セミナーで講師を務めた'),

-- SALE04のアクション
('ACT015', 'SALE04', '月間目標達成', '全員', 250, TRUE, '有効', '月間売上目標を達成'),
('ACT016', 'SALE04', '新規商材提案', '全員', 100, FALSE, '有効', '新規商材の提案'),
('ACT017', 'SALE04', 'クロスセル成功', '全員', 180, TRUE, '有効', 'クロスセルに成功'),

-- MARK05のアクション
('ACT018', 'MARK05', 'バイラルコンテンツ作成', '全員', 200, TRUE, '有効', 'バイラル拡散したコンテンツ作成'),
('ACT019', 'MARK05', 'リード獲得', '全員', 50, FALSE, '有効', '100件以上のリード獲得'),
('ACT020', 'MARK05', 'メディア掲載', '全員', 300, TRUE, '有効', '外部メディアに掲載された');

-- ========================================
-- イベントデータ（2024-2025年の年間キャンペーン）
-- ========================================
INSERT INTO events (event_id, tenant_id, event_name, start_date, end_date, multiplier, status, description) VALUES
-- DEMO01のイベント（2024-2025年）
('EVT001', 'DEMO01', '新春初売り2024', '2024-01-01', '2024-01-31', 2.00, '有効', '新春の初売りキャンペーン'),
('EVT002', 'DEMO01', '春の新生活応援', '2024-03-01', '2024-04-30', 1.60, '有効', '新生活応援キャンペーン'),
('EVT003', 'DEMO01', 'GWスペシャル', '2024-05-01', '2024-05-07', 1.30, '有効', 'ゴールデンウィーク特別キャンペーン'),
('EVT004', 'DEMO01', '夏季キャンペーン', '2024-07-01', '2024-08-31', 1.50, '有効', '夏季売上強化キャンペーン'),
('EVT005', 'DEMO01', '上期決算セール', '2024-09-01', '2024-09-30', 2.00, '有効', '上期決算月の特別キャンペーン'),
('EVT006', 'DEMO01', '秋の実りキャンペーン', '2024-10-01', '2024-11-30', 1.40, '有効', '秋の売上強化キャンペーン'),
('EVT007', 'DEMO01', '年末大感謝祭', '2024-12-01', '2024-12-31', 2.50, '有効', '年末の大型キャンペーン'),

-- CORP02のイベント（2024-2025年）
('EVT008', 'CORP02', '新春キャンペーン', '2024-01-01', '2024-02-29', 1.80, '有効', '新春特別キャンペーン'),
('EVT009', 'CORP02', '春の新生活応援', '2024-03-01', '2024-04-30', 1.60, '有効', '新生活応援キャンペーン'),
('EVT010', 'CORP02', '夏のオフィス快適化', '2024-06-01', '2024-08-31', 1.40, '有効', 'オフィス環境改善キャンペーン'),
('EVT011', 'CORP02', '決算大セール', '2024-09-01', '2024-09-30', 2.20, '有効', '決算月の特別セール'),

-- TECH03のイベント（2024-2025年）
('EVT012', 'TECH03', '年始DX応援', '2024-01-01', '2024-03-31', 1.70, '有効', '新年度DX推進応援'),
('EVT013', 'TECH03', 'DX推進キャンペーン', '2024-04-01', '2024-06-30', 1.80, '有効', 'デジタル変革推進キャンペーン'),
('EVT014', 'TECH03', 'クラウド移行支援', '2024-07-01', '2024-09-30', 1.70, '有効', 'クラウド移行特別支援'),

-- SALE04のイベント（2024-2025年）
('EVT015', 'SALE04', 'Q1売上強化月間', '2024-01-01', '2024-03-31', 1.50, '有効', '第1四半期売上強化'),
('EVT016', 'SALE04', 'Q2売上強化月間', '2024-04-01', '2024-06-30', 1.50, '有効', '第2四半期売上強化'),
('EVT017', 'SALE04', 'Q3売上強化月間', '2024-07-01', '2024-09-30', 1.50, '有効', '第3四半期売上強化'),
('EVT018', 'SALE04', 'Q4売上強化月間', '2024-10-01', '2024-12-31', 1.80, '有効', '第4四半期売上強化'),

-- MARK05のイベント（2024-2025年）
('EVT019', 'MARK05', '新春コンテンツ祭り', '2024-01-01', '2024-02-29', 1.80, '有効', '新春コンテンツ強化月間'),
('EVT020', 'MARK05', 'コンテンツマラソン春', '2024-05-01', '2024-05-31', 2.00, '有効', 'コンテンツ大量制作月間'),
('EVT021', 'MARK05', 'SNS強化月間', '2024-08-01', '2024-08-31', 1.80, '有効', 'SNSフォロワー獲得強化'),
('EVT022', 'MARK05', '年末コンテンツ祭り', '2024-11-01', '2024-12-31', 2.00, '有効', '年末コンテンツ強化');

-- ========================================
-- 売上記録データ（2024年1月〜2025年1月の13ヶ月分）
-- 月次で安定したデータを生成し、折れ線グラフで推移が見やすいように
-- ========================================

-- 2024年1月 DEMO01
INSERT INTO sales_records (tenant_id, member_id, product_id, date, quantity, unit_price, base_point, event_multiplier, final_point, approval_status, note) VALUES
('DEMO01', 'MEM002', 'PROD001', '2024-01-05', 3, 80000.00, 300, 2.00, 600, '承認済み', '新春キャンペーン'),
('DEMO01', 'MEM003', 'PROD002', '2024-01-08', 2, 150000.00, 400, 2.00, 800, '承認済み', '新春キャンペーン'),
('DEMO01', 'MEM004', 'PROD003', '2024-01-12', 2, 120000.00, 300, 2.00, 600, '承認済み', NULL),
('DEMO01', 'MEM005', 'PROD004', '2024-01-15', 8, 30000.00, 400, 2.00, 800, '承認済み', NULL),
('DEMO01', 'MEM006', 'PROD009', '2024-01-18', 2, 50000.00, 160, 2.00, 320, '承認済み', NULL),
('DEMO01', 'MEM007', 'PROD005', '2024-01-22', 5, 60000.00, 500, 2.00, 1000, '承認済み', NULL),
('DEMO01', 'MEM008', 'PROD010', '2024-01-25', 10, 25000.00, 500, 2.00, 1000, '承認済み', NULL),
('DEMO01', 'MEM009', 'PROD011', '2024-01-28', 30, 10000.00, 1200, 2.00, 2400, '承認済み', NULL);

-- 2024年2月 DEMO01
INSERT INTO sales_records (tenant_id, member_id, product_id, date, quantity, unit_price, base_point, event_multiplier, final_point, approval_status, note) VALUES
('DEMO01', 'MEM002', 'PROD001', '2024-02-05', 2, 80000.00, 200, 1.00, 200, '承認済み', NULL),
('DEMO01', 'MEM003', 'PROD002', '2024-02-08', 1, 150000.00, 200, 1.00, 200, '承認済み', NULL),
('DEMO01', 'MEM004', 'PROD006', '2024-02-12', 20, 8000.00, 400, 1.00, 400, '承認済み', NULL),
('DEMO01', 'MEM005', 'PROD007', '2024-02-15', 30, 3000.00, 300, 1.00, 300, '承認済み', NULL),
('DEMO01', 'MEM006', 'PROD008', '2024-02-18', 10, 15000.00, 300, 1.00, 300, '承認済み', NULL),
('DEMO01', 'MEM007', 'PROD004', '2024-02-22', 6, 30000.00, 300, 1.00, 300, '承認済み', NULL);

-- 2024年3月 DEMO01
INSERT INTO sales_records (tenant_id, member_id, product_id, date, quantity, unit_price, base_point, event_multiplier, final_point, approval_status, note) VALUES
('DEMO01', 'MEM002', 'PROD001', '2024-03-05', 4, 80000.00, 400, 1.60, 640, '承認済み', '新生活応援'),
('DEMO01', 'MEM003', 'PROD002', '2024-03-08', 3, 150000.00, 600, 1.60, 960, '承認済み', '新生活応援'),
('DEMO01', 'MEM004', 'PROD003', '2024-03-12', 4, 120000.00, 600, 1.60, 960, '承認済み', NULL),
('DEMO01', 'MEM005', 'PROD009', '2024-03-15', 3, 50000.00, 240, 1.60, 384, '承認済み', NULL),
('DEMO01', 'MEM006', 'PROD010', '2024-03-18', 15, 25000.00, 750, 1.60, 1200, '承認済み', NULL),
('DEMO01', 'MEM007', 'PROD011', '2024-03-22', 40, 10000.00, 1600, 1.60, 2560, '承認済み', NULL),
('DEMO01', 'MEM008', 'PROD012', '2024-03-25', 25, 12000.00, 750, 1.60, 1200, '承認済み', NULL);

-- 2024年4月 DEMO01
INSERT INTO sales_records (tenant_id, member_id, product_id, date, quantity, unit_price, base_point, event_multiplier, final_point, approval_status, note) VALUES
('DEMO01', 'MEM002', 'PROD001', '2024-04-05', 5, 80000.00, 500, 1.60, 800, '承認済み', '新生活応援'),
('DEMO01', 'MEM003', 'PROD002', '2024-04-08', 3, 150000.00, 600, 1.60, 960, '承認済み', NULL),
('DEMO01', 'MEM004', 'PROD003', '2024-04-12', 5, 120000.00, 750, 1.60, 1200, '承認済み', NULL),
('DEMO01', 'MEM005', 'PROD004', '2024-04-15', 12, 30000.00, 600, 1.60, 960, '承認済み', NULL),
('DEMO01', 'MEM006', 'PROD005', '2024-04-18', 8, 60000.00, 800, 1.60, 1280, '承認済み', NULL),
('DEMO01', 'MEM007', 'PROD013', '2024-04-22', 8, 30000.00, 480, 1.60, 768, '承認済み', NULL),
('DEMO01', 'MEM008', 'PROD010', '2024-04-25', 20, 25000.00, 1000, 1.60, 1600, '承認済み', NULL);

-- 2024年5月 DEMO01
INSERT INTO sales_records (tenant_id, member_id, product_id, date, quantity, unit_price, base_point, event_multiplier, final_point, approval_status, note) VALUES
('DEMO01', 'MEM002', 'PROD001', '2024-05-03', 2, 80000.00, 200, 1.30, 260, '承認済み', 'GWスペシャル'),
('DEMO01', 'MEM003', 'PROD002', '2024-05-05', 1, 150000.00, 200, 1.30, 260, '承認済み', 'GWスペシャル'),
('DEMO01', 'MEM004', 'PROD006', '2024-05-12', 15, 8000.00, 300, 1.00, 300, '承認済み', NULL),
('DEMO01', 'MEM005', 'PROD007', '2024-05-15', 25, 3000.00, 250, 1.00, 250, '承認済み', NULL),
('DEMO01', 'MEM006', 'PROD008', '2024-05-18', 8, 15000.00, 240, 1.00, 240, '承認済み', NULL),
('DEMO01', 'MEM007', 'PROD009', '2024-05-22', 2, 50000.00, 160, 1.00, 160, '承認済み', NULL);

-- 2024年6月 DEMO01
INSERT INTO sales_records (tenant_id, member_id, product_id, date, quantity, unit_price, base_point, event_multiplier, final_point, approval_status, note) VALUES
('DEMO01', 'MEM002', 'PROD001', '2024-06-05', 3, 80000.00, 300, 1.00, 300, '承認済み', NULL),
('DEMO01', 'MEM003', 'PROD002', '2024-06-08', 2, 150000.00, 400, 1.00, 400, '承認済み', NULL),
('DEMO01', 'MEM004', 'PROD003', '2024-06-12', 3, 120000.00, 450, 1.00, 450, '承認済み', NULL),
('DEMO01', 'MEM005', 'PROD004', '2024-06-15', 10, 30000.00, 500, 1.00, 500, '承認済み', NULL),
('DEMO01', 'MEM006', 'PROD010', '2024-06-18', 12, 25000.00, 600, 1.00, 600, '承認済み', NULL),
('DEMO01', 'MEM007', 'PROD011', '2024-06-22', 35, 10000.00, 1400, 1.00, 1400, '承認済み', NULL);

-- 2024年7月 DEMO01
INSERT INTO sales_records (tenant_id, member_id, product_id, date, quantity, unit_price, base_point, event_multiplier, final_point, approval_status, note) VALUES
('DEMO01', 'MEM002', 'PROD001', '2024-07-05', 4, 80000.00, 400, 1.50, 600, '承認済み', '夏季キャンペーン'),
('DEMO01', 'MEM003', 'PROD002', '2024-07-08', 3, 150000.00, 600, 1.50, 900, '承認済み', '夏季キャンペーン'),
('DEMO01', 'MEM004', 'PROD003', '2024-07-12', 4, 120000.00, 600, 1.50, 900, '承認済み', NULL),
('DEMO01', 'MEM005', 'PROD005', '2024-07-15', 7, 60000.00, 700, 1.50, 1050, '承認済み', NULL),
('DEMO01', 'MEM006', 'PROD009', '2024-07-18', 3, 50000.00, 240, 1.50, 360, '承認済み', NULL),
('DEMO01', 'MEM007', 'PROD013', '2024-07-22', 10, 30000.00, 600, 1.50, 900, '承認済み', NULL),
('DEMO01', 'MEM008', 'PROD010', '2024-07-25', 18, 25000.00, 900, 1.50, 1350, '承認済み', NULL);

-- 2024年8月 DEMO01
INSERT INTO sales_records (tenant_id, member_id, product_id, date, quantity, unit_price, base_point, event_multiplier, final_point, approval_status, note) VALUES
('DEMO01', 'MEM002', 'PROD001', '2024-08-05', 5, 80000.00, 500, 1.50, 750, '承認済み', '夏季キャンペーン'),
('DEMO01', 'MEM003', 'PROD002', '2024-08-08', 4, 150000.00, 800, 1.50, 1200, '承認済み', NULL),
('DEMO01', 'MEM004', 'PROD003', '2024-08-12', 5, 120000.00, 750, 1.50, 1125, '承認済み', NULL),
('DEMO01', 'MEM005', 'PROD004', '2024-08-15', 15, 30000.00, 750, 1.50, 1125, '承認済み', NULL),
('DEMO01', 'MEM006', 'PROD005', '2024-08-18', 10, 60000.00, 1000, 1.50, 1500, '承認済み', NULL),
('DEMO01', 'MEM007', 'PROD011', '2024-08-22', 50, 10000.00, 2000, 1.50, 3000, '承認済み', NULL),
('DEMO01', 'MEM008', 'PROD012', '2024-08-25', 30, 12000.00, 900, 1.50, 1350, '承認済み', NULL);

-- 2024年9月 DEMO01
INSERT INTO sales_records (tenant_id, member_id, product_id, date, quantity, unit_price, base_point, event_multiplier, final_point, approval_status, note) VALUES
('DEMO01', 'MEM002', 'PROD001', '2024-09-05', 6, 80000.00, 600, 2.00, 1200, '承認済み', '決算セール'),
('DEMO01', 'MEM003', 'PROD002', '2024-09-08', 5, 150000.00, 1000, 2.00, 2000, '承認済み', '決算セール'),
('DEMO01', 'MEM004', 'PROD003', '2024-09-12', 7, 120000.00, 1050, 2.00, 2100, '承認済み', NULL),
('DEMO01', 'MEM005', 'PROD004', '2024-09-15', 20, 30000.00, 1000, 2.00, 2000, '承認済み', NULL),
('DEMO01', 'MEM006', 'PROD005', '2024-09-18', 12, 60000.00, 1200, 2.00, 2400, '承認済み', NULL),
('DEMO01', 'MEM007', 'PROD009', '2024-09-22', 5, 50000.00, 400, 2.00, 800, '承認済み', NULL),
('DEMO01', 'MEM008', 'PROD010', '2024-09-25', 25, 25000.00, 1250, 2.00, 2500, '承認済み', NULL),
('DEMO01', 'MEM009', 'PROD011', '2024-09-28', 60, 10000.00, 2400, 2.00, 4800, '承認済み', NULL);

-- 2024年10月 DEMO01
INSERT INTO sales_records (tenant_id, member_id, product_id, date, quantity, unit_price, base_point, event_multiplier, final_point, approval_status, note) VALUES
('DEMO01', 'MEM002', 'PROD001', '2024-10-05', 4, 80000.00, 400, 1.40, 560, '承認済み', '秋の実り'),
('DEMO01', 'MEM003', 'PROD002', '2024-10-08', 3, 150000.00, 600, 1.40, 840, '承認済み', NULL),
('DEMO01', 'MEM004', 'PROD003', '2024-10-12', 4, 120000.00, 600, 1.40, 840, '承認済み', NULL),
('DEMO01', 'MEM005', 'PROD005', '2024-10-15', 8, 60000.00, 800, 1.40, 1120, '承認済み', NULL),
('DEMO01', 'MEM006', 'PROD009', '2024-10-18', 3, 50000.00, 240, 1.40, 336, '承認済み', NULL),
('DEMO01', 'MEM007', 'PROD010', '2024-10-22', 15, 25000.00, 750, 1.40, 1050, '承認済み', NULL),
('DEMO01', 'MEM008', 'PROD013', '2024-10-25', 9, 30000.00, 540, 1.40, 756, '承認済み', NULL);

-- 2024年11月 DEMO01
INSERT INTO sales_records (tenant_id, member_id, product_id, date, quantity, unit_price, base_point, event_multiplier, final_point, approval_status, note) VALUES
('DEMO01', 'MEM002', 'PROD001', '2024-11-05', 5, 80000.00, 500, 1.40, 700, '承認済み', '秋の実り'),
('DEMO01', 'MEM003', 'PROD002', '2024-11-08', 4, 150000.00, 800, 1.40, 1120, '承認済み', NULL),
('DEMO01', 'MEM004', 'PROD003', '2024-11-12', 5, 120000.00, 750, 1.40, 1050, '承認済み', NULL),
('DEMO01', 'MEM005', 'PROD004', '2024-11-15', 18, 30000.00, 900, 1.40, 1260, '承認済み', NULL),
('DEMO01', 'MEM006', 'PROD005', '2024-11-18', 10, 60000.00, 1000, 1.40, 1400, '承認済み', NULL),
('DEMO01', 'MEM007', 'PROD011', '2024-11-22', 45, 10000.00, 1800, 1.40, 2520, '承認済み', NULL),
('DEMO01', 'MEM008', 'PROD012', '2024-11-25', 28, 12000.00, 840, 1.40, 1176, '承認済み', NULL);

-- 2024年12月 DEMO01
INSERT INTO sales_records (tenant_id, member_id, product_id, date, quantity, unit_price, base_point, event_multiplier, final_point, approval_status, note) VALUES
('DEMO01', 'MEM002', 'PROD001', '2024-12-05', 8, 80000.00, 800, 2.50, 2000, '承認済み', '年末大感謝祭'),
('DEMO01', 'MEM003', 'PROD002', '2024-12-08', 6, 150000.00, 1200, 2.50, 3000, '承認済み', '年末大感謝祭'),
('DEMO01', 'MEM004', 'PROD003', '2024-12-12', 8, 120000.00, 1200, 2.50, 3000, '承認済み', NULL),
('DEMO01', 'MEM005', 'PROD004', '2024-12-15', 25, 30000.00, 1250, 2.50, 3125, '承認済み', NULL),
('DEMO01', 'MEM006', 'PROD005', '2024-12-18', 15, 60000.00, 1500, 2.50, 3750, '承認済み', NULL),
('DEMO01', 'MEM007', 'PROD009', '2024-12-20', 6, 50000.00, 480, 2.50, 1200, '承認済み', NULL),
('DEMO01', 'MEM008', 'PROD010', '2024-12-22', 30, 25000.00, 1500, 2.50, 3750, '承認済み', NULL),
('DEMO01', 'MEM009', 'PROD011', '2024-12-25', 80, 10000.00, 3200, 2.50, 8000, '承認済み', NULL),
('DEMO01', 'MEM010', 'PROD013', '2024-12-28', 15, 30000.00, 900, 2.50, 2250, '承認済み', NULL);

-- 2025年1月 DEMO01
INSERT INTO sales_records (tenant_id, member_id, product_id, date, quantity, unit_price, base_point, event_multiplier, final_point, approval_status, note) VALUES
('DEMO01', 'MEM002', 'PROD001', '2025-01-05', 3, 80000.00, 300, 1.00, 300, '承認済み', NULL),
('DEMO01', 'MEM003', 'PROD002', '2025-01-08', 2, 150000.00, 400, 1.00, 400, '承認済み', NULL),
('DEMO01', 'MEM004', 'PROD003', '2025-01-12', 3, 120000.00, 450, 1.00, 450, '承認済み', NULL),
('DEMO01', 'MEM005', 'PROD004', '2025-01-15', 10, 30000.00, 500, 1.00, 500, '承認済み', NULL),
('DEMO01', 'MEM006', 'PROD005', '2025-01-18', 6, 60000.00, 600, 1.00, 600, '承認済み', NULL);

-- 他のテナントの売上データも追加（簡略版）
-- CORP02 2024年データ（数ヶ月分のサンプル）
INSERT INTO sales_records (tenant_id, member_id, product_id, date, quantity, unit_price, base_point, event_multiplier, final_point, approval_status) VALUES
('CORP02', 'MEM018', 'PROD014', '2024-01-10', 12, 40000.00, 840, 1.80, 1512, '承認済み'),
('CORP02', 'MEM019', 'PROD016', '2024-01-20', 15, 50000.00, 1500, 1.80, 2700, '承認済み'),
('CORP02', 'MEM018', 'PROD014', '2024-03-15', 18, 40000.00, 1260, 1.60, 2016, '承認済み'),
('CORP02', 'MEM019', 'PROD015', '2024-03-25', 8, 100000.00, 1200, 1.60, 1920, '承認済み'),
('CORP02', 'MEM020', 'PROD017', '2024-06-10', 10, 80000.00, 1500, 1.40, 2100, '承認済み'),
('CORP02', 'MEM021', 'PROD018', '2024-06-20', 25, 45000.00, 2000, 1.40, 2800, '承認済み'),
('CORP02', 'MEM018', 'PROD014', '2024-09-05', 20, 40000.00, 1400, 2.20, 3080, '承認済み'),
('CORP02', 'MEM019', 'PROD016', '2024-09-15', 25, 50000.00, 2500, 2.20, 5500, '承認済み'),
('CORP02', 'MEM020', 'PROD019', '2024-12-10', 10, 70000.00, 1200, 1.00, 1200, '承認済み');

-- TECH03 2024年データ
INSERT INTO sales_records (tenant_id, member_id, product_id, date, quantity, unit_price, base_point, event_multiplier, final_point, approval_status) VALUES
('TECH03', 'MEM027', 'PROD021', '2024-01-15', 15, 50000.00, 1500, 1.70, 2550, '承認済み'),
('TECH03', 'MEM028', 'PROD022', '2024-01-25', 8, 100000.00, 1600, 1.70, 2720, '承認済み'),
('TECH03', 'MEM027', 'PROD023', '2024-04-10', 5, 200000.00, 2000, 1.80, 3600, '承認済み'),
('TECH03', 'MEM028', 'PROD024', '2024-04-20', 12, 80000.00, 1800, 1.80, 3240, '承認済み'),
('TECH03', 'MEM029', 'PROD021', '2024-07-15', 20, 50000.00, 2000, 1.70, 3400, '承認済み'),
('TECH03', 'MEM030', 'PROD025', '2024-07-25', 25, 40000.00, 2000, 1.70, 3400, '承認済み'),
('TECH03', 'MEM027', 'PROD022', '2024-10-10', 10, 100000.00, 2000, 1.00, 2000, '承認済み'),
('TECH03', 'MEM028', 'PROD024', '2024-12-15', 15, 80000.00, 2250, 1.00, 2250, '承認済み');

-- ========================================
-- タスク記録データ（2024年の各月に分散）
-- ========================================
INSERT INTO task_records (tenant_id, member_id, task_id, date, point, approval_status) VALUES
-- 2024年1月
('DEMO01', 'MEM002', 'TASK001', '2024-01-05', 10, '承認済み'),
('DEMO01', 'MEM002', 'TASK002', '2024-01-05', 20, '承認済み'),
('DEMO01', 'MEM003', 'TASK001', '2024-01-08', 10, '承認済み'),
('DEMO01', 'MEM003', 'TASK005', '2024-01-10', 30, '承認済み'),
-- 2024年3月
('DEMO01', 'MEM002', 'TASK001', '2024-03-05', 10, '承認済み'),
('DEMO01', 'MEM002', 'TASK002', '2024-03-05', 20, '承認済み'),
('DEMO01', 'MEM003', 'TASK005', '2024-03-10', 30, '承認済み'),
('DEMO01', 'MEM004', 'TASK003', '2024-03-15', 50, '承認済み'),
-- 2024年6月
('DEMO01', 'MEM002', 'TASK001', '2024-06-05', 10, '承認済み'),
('DEMO01', 'MEM002', 'TASK005', '2024-06-08', 30, '承認済み'),
('DEMO01', 'MEM003', 'TASK006', '2024-06-10', 40, '承認済み'),
-- 2024年9月
('DEMO01', 'MEM002', 'TASK001', '2024-09-05', 10, '承認済み'),
('DEMO01', 'MEM002', 'TASK002', '2024-09-05', 20, '承認済み'),
('DEMO01', 'MEM003', 'TASK004', '2024-09-15', 100, '承認済み'),
('DEMO01', 'MEM004', 'TASK005', '2024-09-20', 30, '承認済み'),
-- 2024年12月
('DEMO01', 'MEM002', 'TASK001', '2024-12-05', 10, '承認済み'),
('DEMO01', 'MEM002', 'TASK002', '2024-12-05', 20, '承認済み'),
('DEMO01', 'MEM003', 'TASK005', '2024-12-10', 30, '承認済み'),
('DEMO01', 'MEM004', 'TASK006', '2024-12-15', 40, '承認済み');

-- ========================================
-- アクション記録データ（2024年）
-- ========================================
INSERT INTO action_records (tenant_id, member_id, action_id, date, point, approval_status) VALUES
('DEMO01', 'MEM002', 'ACT003', '2024-01-15', 150, '承認済み'),
('DEMO01', 'MEM003', 'ACT002', '2024-01-25', 300, '承認済み'),
('DEMO01', 'MEM004', 'ACT001', '2024-03-10', 500, '承認済み'),
('DEMO01', 'MEM005', 'ACT003', '2024-03-20', 150, '承認済み'),
('DEMO01', 'MEM002', 'ACT004', '2024-06-15', 100, '承認済み'),
('DEMO01', 'MEM003', 'ACT002', '2024-06-25', 300, '承認済み'),
('DEMO01', 'MEM004', 'ACT001', '2024-09-10', 500, '承認済み'),
('DEMO01', 'MEM005', 'ACT005', '2024-09-20', 200, '承認済み'),
('DEMO01', 'MEM006', 'ACT008', '2024-09-25', 100, '承認済み'),
('DEMO01', 'MEM002', 'ACT001', '2024-12-15', 500, '承認済み'),
('DEMO01', 'MEM003', 'ACT002', '2024-12-20', 300, '承認済み'),
('DEMO01', 'MEM004', 'ACT007', '2024-12-25', 300, '承認済み');

-- ========================================
-- お知らせデータ
-- ========================================
INSERT INTO bulletins (bulletin_id, tenant_id, type, related_event_id, pinned, status, author, title, body, start_datetime, end_datetime) VALUES
('BUL001', 'DEMO01', 'イベント', 'EVT001', 1, '公開', 'MEM001', '新春初売りキャンペーン開始', '2024年1月1日より新春初売りキャンペーンが始まります。期間中はポイントが2倍になります！', '2024-01-01 00:00:00', '2024-01-31 23:59:59'),
('BUL002', 'DEMO01', 'イベント', 'EVT002', 1, '公開', 'MEM001', '春の新生活応援キャンペーン', '3月1日より春の新生活応援キャンペーン開始。新年度に向けて、ポイント1.6倍でスタートダッシュ！', '2024-03-01 00:00:00', '2024-04-30 23:59:59'),
('BUL003', 'DEMO01', 'イベント', 'EVT003', 1, '公開', 'MEM001', 'GWスペシャルキャンペーン', 'ゴールデンウィーク期間中は特別キャンペーン実施。ポイント1.3倍でお得に！', '2024-05-01 00:00:00', '2024-05-07 23:59:59'),
('BUL004', 'DEMO01', 'イベント', 'EVT004', 1, '公開', 'MEM001', '夏季キャンペーンのお知らせ', '7月1日から夏季キャンペーンが開始されます。期間中はポイントが1.5倍。暑い夏も頑張りましょう！', '2024-07-01 00:00:00', '2024-08-31 23:59:59'),
('BUL005', 'DEMO01', 'イベント', 'EVT005', 1, '公開', 'MEM001', '上期決算セール開始！', '9月は上期決算月です。今月はポイント2倍の大チャンス！目標達成に向けて全力で取り組みましょう。', '2024-09-01 00:00:00', '2024-09-30 23:59:59'),
('BUL006', 'DEMO01', 'イベント', 'EVT006', 1, '公開', 'MEM001', '秋の実りキャンペーン', '10月1日より秋の実りキャンペーンが始まります。期間中はポイントが1.4倍。', '2024-10-01 00:00:00', '2024-11-30 23:59:59'),
('BUL007', 'DEMO01', 'イベント', 'EVT007', 1, '公開', 'MEM001', '年末大感謝祭スタート', '12月は年末大感謝祭！ポイント2.5倍の特別企画です。今年の締めくくりを素晴らしいものにしましょう！', '2024-12-01 00:00:00', '2024-12-31 23:59:59'),
('BUL008', 'CORP02', 'イベント', 'EVT008', 1, '公開', 'MEM017', '新春キャンペーン開始', '1月より新春キャンペーンスタート。ポイント1.8倍でお得にお買い物を。', '2024-01-01 00:00:00', '2024-02-29 23:59:59'),
('BUL009', 'CORP02', 'イベント', 'EVT009', 1, '公開', 'MEM017', '春の新生活応援', '3月1日より春の新生活応援キャンペーン開始。オフィス環境を整えるチャンスです！', '2024-03-01 00:00:00', '2024-04-30 23:59:59'),
('BUL010', 'CORP02', 'イベント', 'EVT010', 1, '公開', 'MEM017', '夏のオフィス快適化', '6月より夏のオフィス快適化キャンペーン。快適な職場環境づくりを応援します。', '2024-06-01 00:00:00', '2024-08-31 23:59:59'),
('BUL011', 'CORP02', 'イベント', 'EVT011', 1, '公開', 'MEM017', '決算大セール実施中', '9月は決算大セール！ポイント2.2倍でお得に商品をご購入いただけます。', '2024-09-01 00:00:00', '2024-09-30 23:59:59'),
('BUL012', 'TECH03', 'イベント', 'EVT012', 1, '公開', 'MEM026', '年始DX応援キャンペーン', '1月よりDX応援キャンペーン開始。クラウドサービスがお得に導入できます。', '2024-01-01 00:00:00', '2024-03-31 23:59:59'),
('BUL013', 'TECH03', 'イベント', 'EVT013', 1, '公開', 'MEM026', 'DX推進キャンペーン', '4月1日よりDX推進キャンペーンがスタート。ポイント1.8倍です。', '2024-04-01 00:00:00', '2024-06-30 23:59:59'),
('BUL014', 'TECH03', 'イベント', 'EVT014', 1, '公開', 'MEM026', 'クラウド移行支援', '7月よりクラウド移行支援キャンペーン。お客様のクラウド移行を全力サポート。', '2024-07-01 00:00:00', '2024-09-30 23:59:59');

-- ========================================
-- 監査ログデータ
-- ========================================
INSERT INTO audit_logs (tenant_id, action, table_name, row_id, member_id, operator, user_display_name, details) VALUES
('DEMO01', 'LOGIN', NULL, NULL, 'MEM001', 'MEM001', '管理者太郎', '{"ip": "192.168.1.100", "user_agent": "Mozilla/5.0"}'),
('DEMO01', 'INSERT', 'products', 'PROD001', 'MEM001', 'MEM001', '管理者太郎', '{"product_name": "ノートPC スタンダード"}'),
('DEMO01', 'UPDATE', 'members', 'MEM002', 'MEM001', 'MEM001', '管理者太郎', '{"field": "team_id", "old": "TEAM001", "new": "TEAM001"}'),
('DEMO01', 'APPROVE', 'sales_records', '1', 'MEM002', 'MEM001', '管理者太郎', '{"approval_status": "承認済み"}'),
('DEMO01', 'LOGIN', NULL, NULL, 'MEM002', 'MEM002', '田中太郎', '{"ip": "192.168.1.101", "user_agent": "Mozilla/5.0"}'),
('CORP02', 'LOGIN', NULL, NULL, 'MEM017', 'MEM017', '管理者二郎', '{"ip": "192.168.2.100", "user_agent": "Mozilla/5.0"}'),
('CORP02', 'INSERT', 'teams', 'TEAM006', 'MEM017', 'MEM017', '管理者二郎', '{"team_name": "東京営業部"}'),
('TECH03', 'LOGIN', NULL, NULL, 'MEM026', 'MEM026', '管理者三郎', '{"ip": "192.168.3.100", "user_agent": "Mozilla/5.0"}'),
('TECH03', 'UPDATE', 'events', 'EVT013', 'MEM026', 'MEM026', '管理者三郎', '{"field": "multiplier", "old": "1.50", "new": "1.80"}'),
('SALE04', 'LOGIN', NULL, NULL, 'MEM031', 'MEM031', '管理者四郎', '{"ip": "192.168.4.100", "user_agent": "Mozilla/5.0"}'),
('MARK05', 'LOGIN', NULL, NULL, 'MEM036', 'MEM036', '管理者五郎', '{"ip": "192.168.5.100", "user_agent": "Mozilla/5.0"}');

-- データ挿入完了
SELECT '拡張サンプルデータ（2024-2025年）の挿入が完了しました' AS message;
SELECT '売上推移グラフ用に2024年1月から2025年1月までの13ヶ月分のデータを作成しました' AS note;
