USE xs063745_incentive;

-- ============================================
-- データクリーンアップ（既存のDEMO01データを削除）
-- ============================================
DELETE FROM action_records WHERE tenant_id = 'DEMO01';
DELETE FROM task_records WHERE tenant_id = 'DEMO01';
DELETE FROM sales_records WHERE tenant_id = 'DEMO01';
DELETE FROM bulletins WHERE tenant_id = 'DEMO01';
DELETE FROM events WHERE tenant_id = 'DEMO01';
DELETE FROM actions WHERE tenant_id = 'DEMO01';
DELETE FROM tasks WHERE tenant_id = 'DEMO01';
DELETE FROM products WHERE tenant_id = 'DEMO01';
DELETE FROM members WHERE tenant_id = 'DEMO01';
DELETE FROM teams WHERE tenant_id = 'DEMO01';
DELETE FROM tenants WHERE tenant_id = 'DEMO01';

-- ============================================
-- テナント情報（飲食店：タレそば専門店高濱）
-- ============================================
INSERT INTO tenants (tenant_id, tenant_name, status) VALUES
('DEMO01', 'タレそば専門店高濱', '有効');

-- ============================================
-- チーム情報
-- ============================================
INSERT INTO teams (team_id, tenant_id, team_name) VALUES
('TEAM001', 'DEMO01', 'ホールスタッフ'),
('TEAM002', 'DEMO01', 'キッチンスタッフ'),
('TEAM003', 'DEMO01', '店長・マネージャー');

-- ============================================
-- メンバー情報（スタッフ）
-- ============================================
INSERT INTO members (member_id, tenant_id, login_id, name, role, pin, team_id, status) VALUES
('MEM001', 'DEMO01', 'takahama', '高濱 太郎', 'admin', '1111', 'TEAM003', '有効'),
('MEM002', 'DEMO01', 'yamada', '山田 花子', 'admin', '2222', 'TEAM003', '有効'),
('MEM003', 'DEMO01', 'sato', '佐藤 健一', 'user', '3333', 'TEAM001', '有効'),
('MEM004', 'DEMO01', 'suzuki', '鈴木 美咲', 'user', '4444', 'TEAM001', '有効'),
('MEM005', 'DEMO01', 'tanaka', '田中 優子', 'user', '5555', 'TEAM001', '有効'),
('MEM006', 'DEMO01', 'ito', '伊藤 直樹', 'user', '6666', 'TEAM001', '有効'),
('MEM007', 'DEMO01', 'watanabe', '渡辺 修', 'user', '7777', 'TEAM002', '有効'),
('MEM008', 'DEMO01', 'kobayashi', '小林 純', 'user', '8888', 'TEAM002', '有効'),
('MEM009', 'DEMO01', 'kato', '加藤 真由美', 'user', '9999', 'TEAM002', '有効'),
('MEM010', 'DEMO01', 'nakamura', '中村 翔太', 'user', '1000', 'TEAM001', '有効');

-- ============================================
-- 商品マスタ（メニュー）
-- ============================================
INSERT INTO products (product_id, tenant_id, product_name, large_category, medium_category, small_category, price, cost, point, status, approval_required) VALUES
-- 麺類（たれそば）
('PROD001', 'DEMO01', 'たれそば（並）', '飲食', '麺類', 'たれそば', 850.00, 320.00, 100, '有効', 0),
('PROD002', 'DEMO01', 'たれそば（大盛）', '飲食', '麺類', 'たれそば', 950.00, 370.00, 120, '有効', 0),
('PROD003', 'DEMO01', 'たれそば（特盛）', '飲食', '麺類', 'たれそば', 1100.00, 420.00, 150, '有効', 0),
('PROD004', 'DEMO01', 'チャーシューたれそば', '飲食', '麺類', 'たれそば', 1200.00, 480.00, 150, '有効', 0),
('PROD005', 'DEMO01', '味玉たれそば', '飲食', '麺類', 'たれそば', 950.00, 380.00, 120, '有効', 0),

-- 肉類（しゃぶしゃぶ）
('PROD006', 'DEMO01', '豚しゃぶセット', '飲食', '肉類', 'しゃぶしゃぶ', 1500.00, 680.00, 200, '有効', 0),
('PROD007', 'DEMO01', '牛しゃぶセット', '飲食', '肉類', 'しゃぶしゃぶ', 1800.00, 850.00, 250, '有効', 0),
('PROD008', 'DEMO01', '特選和牛しゃぶしゃぶ', '飲食', '肉類', 'しゃぶしゃぶ', 2500.00, 1200.00, 350, '有効', 0),

-- 肉類（その他）
('PROD009', 'DEMO01', '焼き餃子', '飲食', '肉類', 'サイドメニュー', 480.00, 180.00, 50, '有効', 0),
('PROD010', 'DEMO01', 'チャーシュー丼', '飲食', '肉類', '丼もの', 680.00, 280.00, 80, '有効', 0),
('PROD011', 'DEMO01', '唐揚げ', '飲食', '肉類', 'サイドメニュー', 580.00, 220.00, 60, '有効', 0),

-- カレー
('PROD012', 'DEMO01', 'カレーそば', '飲食', '麺類', 'カレー', 980.00, 380.00, 120, '有効', 0),
('PROD013', 'DEMO01', 'カツカレー', '飲食', '丼もの', 'カレー', 950.00, 400.00, 120, '有効', 0),

-- デザート
('PROD014', 'DEMO01', '杏仁豆腐', '飲食', 'デザート', 'デザート', 380.00, 120.00, 40, '有効', 0),
('PROD015', 'DEMO01', 'アイスクリーム', '飲食', 'デザート', 'デザート', 350.00, 100.00, 40, '有効', 0),
('PROD016', 'DEMO01', 'マンゴープリン', '飲食', 'デザート', 'デザート', 420.00, 150.00, 50, '有効', 0),

-- ドリンク
('PROD017', 'DEMO01', '生ビール（中）', '飲食', 'ドリンク', 'アルコール', 550.00, 180.00, 60, '有効', 0),
('PROD018', 'DEMO01', 'ハイボール', '飲食', 'ドリンク', 'アルコール', 480.00, 150.00, 50, '有効', 0),
('PROD019', 'DEMO01', '日本酒', '飲食', 'ドリンク', 'アルコール', 680.00, 250.00, 80, '有効', 0),
('PROD020', 'DEMO01', 'ウーロン茶', '飲食', 'ドリンク', 'ソフトドリンク', 280.00, 80.00, 30, '有効', 0),
('PROD021', 'DEMO01', 'コーラ', '飲食', 'ドリンク', 'ソフトドリンク', 280.00, 80.00, 30, '有効', 0),
('PROD022', 'DEMO01', 'オレンジジュース', '飲食', 'ドリンク', 'ソフトドリンク', 320.00, 100.00, 35, '有効', 0);

-- ============================================
-- アクション（顧客エンゲージメント）
-- ============================================
INSERT INTO actions (action_id, tenant_id, action_name, point, status, approval_required, description) VALUES
('ACT001', 'DEMO01', 'Google口コミ獲得（5つ星）', 300, '有効', 1, '5つ星の口コミを獲得'),
('ACT002', 'DEMO01', 'Google口コミ獲得（4つ星）', 200, '有効', 1, '4つ星の口コミを獲得'),
('ACT003', 'DEMO01', 'Instagram投稿', 150, '有効', 1, 'Instagramでお店を投稿'),
('ACT004', 'DEMO01', 'Twitter投稿', 100, '有効', 1, 'Twitterでお店を投稿'),
('ACT005', 'DEMO01', '来店予約獲得', 100, '有効', 1, 'お客様の来店予約を獲得'),
('ACT006', 'DEMO01', '常連客紹介', 250, '有効', 1, '常連客を紹介'),
('ACT007', 'DEMO01', 'LINE友達追加誘導', 50, '有効', 0, 'LINE公式アカウントへ友達追加');

-- ============================================
-- タスク（オペレーション業務）
-- ============================================
INSERT INTO tasks (task_id, tenant_id, task_name, type, point, status, approval_required, description) VALUES
('TASK001', 'DEMO01', '開店準備完了', '日次', 50, '有効', 0, '開店前の準備作業'),
('TASK002', 'DEMO01', '閉店作業完了', '日次', 50, '有効', 0, '閉店後の作業'),
('TASK003', 'DEMO01', 'ホール清掃完了', '日次', 30, '有効', 0, 'ホールの清掃'),
('TASK004', 'DEMO01', 'トイレ清掃完了', '日次', 30, '有効', 0, 'トイレの清掃'),
('TASK005', 'DEMO01', '厨房清掃完了', '日次', 40, '有効', 0, '厨房の清掃'),
('TASK006', 'DEMO01', '食材発注完了', '週次', 50, '有効', 1, '食材の発注'),
('TASK007', 'DEMO01', '在庫チェック完了', '日次', 40, '有効', 0, '在庫の確認'),
('TASK008', 'DEMO01', '釣銭準備完了', '日次', 20, '有効', 0, 'レジの釣銭準備');

-- ============================================
-- イベント
-- ============================================
INSERT INTO events (event_id, tenant_id, event_name, description, repeat_type, start_date, end_date, day_of_month, target_type, target_ids, multiplier, status) VALUES
('EVT001', 'DEMO01', '肉の日キャンペーン', '毎月29日は肉料理が2倍ポイント', '毎月', '2024-10-01', '2025-12-31', 29, '特定商品', 'PROD006,PROD007,PROD008,PROD009,PROD010,PROD011', 2.0, '有効'),
('EVT002', 'DEMO01', '年末忘年会キャンペーン', '12月の飲み放題コースで1.5倍ポイント', '単発', '2024-12-01', '2024-12-31', NULL, '全商品', NULL, 1.5, '無効'),
('EVT003', 'DEMO01', '新春初売りキャンペーン', '1月全商品1.2倍ポイント', '単発', '2025-01-01', '2025-01-31', NULL, '全商品', NULL, 1.2, '無効');

-- ============================================
-- お知らせ（掲示板）
-- ============================================
INSERT INTO bulletins (bulletin_id, tenant_id, type, related_event_id, pinned, status, author, title, body, start_datetime, end_datetime) VALUES
('BUL001', 'DEMO01', 'イベント', 'EVT001', 1, '公開', 'MEM001', '毎月29日は肉の日！肉料理2倍ポイント', '毎月29日は肉の日キャンペーンを実施します。しゃぶしゃぶセット、唐揚げ、チャーシュー丼などの肉料理が全てポイント2倍になります。ぜひご利用ください！', '2024-10-01 00:00:00', '2025-12-31 23:59:59'),
('BUL002', 'DEMO01', 'お知らせ', NULL, 0, '公開', 'MEM001', '10月のシフト調整について', '10月は大型連休があるため、シフト調整にご協力ください。', '2025-10-01 00:00:00', '2025-10-31 23:59:59');

-- ============================================
-- 売上データ（2024年10月〜2025年10月の1年分）
-- ============================================

-- 2024年10月
INSERT INTO sales_records (tenant_id, member_id, product_id, date, quantity, unit_price, base_point, event_multiplier, final_point, approval_status, note) VALUES
('DEMO01', 'MEM003', 'PROD001', '2024-10-03', 8, 850.00, 800, 1.00, 800, '承認済み', NULL),
('DEMO01', 'MEM004', 'PROD002', '2024-10-05', 5, 950.00, 600, 1.00, 600, '承認済み', NULL),
('DEMO01', 'MEM005', 'PROD006', '2024-10-08', 3, 1500.00, 600, 1.00, 600, '承認済み', NULL),
('DEMO01', 'MEM003', 'PROD001', '2024-10-12', 10, 850.00, 1000, 1.00, 1000, '承認済み', NULL),
('DEMO01', 'MEM004', 'PROD017', '2024-10-15', 12, 550.00, 720, 1.00, 720, '承認済み', NULL),
('DEMO01', 'MEM006', 'PROD007', '2024-10-18', 2, 1800.00, 500, 1.00, 500, '承認済み', NULL),
('DEMO01', 'MEM003', 'PROD001', '2024-10-22', 12, 850.00, 1200, 1.00, 1200, '承認済み', NULL),
('DEMO01', 'MEM005', 'PROD009', '2024-10-25', 15, 480.00, 750, 1.00, 750, '承認済み', NULL),
('DEMO01', 'MEM004', 'PROD006', '2024-10-29', 4, 1500.00, 800, 2.00, 1600, '承認済み', '肉の日キャンペーン'),
('DEMO01', 'MEM006', 'PROD007', '2024-10-29', 3, 1800.00, 750, 2.00, 1500, '承認済み', '肉の日キャンペーン'),

-- 2024年11月
('DEMO01', 'MEM003', 'PROD001', '2024-11-02', 9, 850.00, 900, 1.00, 900, '承認済み', NULL),
('DEMO01', 'MEM004', 'PROD003', '2024-11-05', 6, 1100.00, 900, 1.00, 900, '承認済み', NULL),
('DEMO01', 'MEM005', 'PROD006', '2024-11-08', 4, 1500.00, 800, 1.00, 800, '承認済み', NULL),
('DEMO01', 'MEM006', 'PROD001', '2024-11-12', 11, 850.00, 1100, 1.00, 1100, '承認済み', NULL),
('DEMO01', 'MEM003', 'PROD017', '2024-11-15', 14, 550.00, 840, 1.00, 840, '承認済み', NULL),
('DEMO01', 'MEM004', 'PROD007', '2024-11-18', 3, 1800.00, 750, 1.00, 750, '承認済み', NULL),
('DEMO01', 'MEM005', 'PROD001', '2024-11-22', 13, 850.00, 1300, 1.00, 1300, '承認済み', NULL),
('DEMO01', 'MEM006', 'PROD009', '2024-11-25', 18, 480.00, 900, 1.00, 900, '承認済み', NULL),
('DEMO01', 'MEM003', 'PROD006', '2024-11-29', 5, 1500.00, 1000, 2.00, 2000, '承認済み', '肉の日キャンペーン'),
('DEMO01', 'MEM004', 'PROD007', '2024-11-29', 4, 1800.00, 1000, 2.00, 2000, '承認済み', '肉の日キャンペーン'),

-- 2024年12月（年末忘年会シーズン、全体的に販売増）
('DEMO01', 'MEM003', 'PROD001', '2024-12-03', 15, 850.00, 1500, 1.50, 2250, '承認済み', '年末キャンペーン'),
('DEMO01', 'MEM004', 'PROD006', '2024-12-05', 8, 1500.00, 1600, 1.50, 2400, '承認済み', '年末キャンペーン'),
('DEMO01', 'MEM005', 'PROD007', '2024-12-08', 6, 1800.00, 1500, 1.50, 2250, '承認済み', '年末キャンペーン'),
('DEMO01', 'MEM006', 'PROD001', '2024-12-12', 18, 850.00, 1800, 1.50, 2700, '承認済み', '年末キャンペーン'),
('DEMO01', 'MEM003', 'PROD017', '2024-12-15', 25, 550.00, 1500, 1.50, 2250, '承認済み', '年末キャンペーン'),
('DEMO01', 'MEM004', 'PROD008', '2024-12-18', 5, 2500.00, 1750, 1.50, 2625, '承認済み', '年末キャンペーン'),
('DEMO01', 'MEM005', 'PROD001', '2024-12-22', 20, 850.00, 2000, 1.50, 3000, '承認済み', '年末キャンペーン'),
('DEMO01', 'MEM006', 'PROD009', '2024-12-25', 30, 480.00, 1500, 1.50, 2250, '承認済み', '年末キャンペーン'),
('DEMO01', 'MEM003', 'PROD006', '2024-12-29', 7, 1500.00, 1400, 2.00, 2800, '承認済み', '肉の日キャンペーン'),
('DEMO01', 'MEM004', 'PROD007', '2024-12-29', 6, 1800.00, 1500, 2.00, 3000, '承認済み', '肉の日キャンペーン'),

-- 2025年1月（新春キャンペーン）
('DEMO01', 'MEM003', 'PROD001', '2025-01-05', 12, 850.00, 1200, 1.20, 1440, '承認済み', '新春キャンペーン'),
('DEMO01', 'MEM004', 'PROD006', '2025-01-08', 5, 1500.00, 1000, 1.20, 1200, '承認済み', '新春キャンペーン'),
('DEMO01', 'MEM005', 'PROD007', '2025-01-12', 4, 1800.00, 1000, 1.20, 1200, '承認済み', '新春キャンペーン'),
('DEMO01', 'MEM006', 'PROD001', '2025-01-15', 14, 850.00, 1400, 1.20, 1680, '承認済み', '新春キャンペーン'),
('DEMO01', 'MEM003', 'PROD017', '2025-01-18', 18, 550.00, 1080, 1.20, 1296, '承認済み', '新春キャンペーン'),
('DEMO01', 'MEM004', 'PROD001', '2025-01-22', 16, 850.00, 1600, 1.20, 1920, '承認済み', '新春キャンペーン'),
('DEMO01', 'MEM005', 'PROD009', '2025-01-25', 20, 480.00, 1000, 1.20, 1200, '承認済み', '新春キャンペーン'),
('DEMO01', 'MEM006', 'PROD006', '2025-01-29', 6, 1500.00, 1200, 2.00, 2400, '承認済み', '肉の日キャンペーン'),
('DEMO01', 'MEM003', 'PROD007', '2025-01-29', 5, 1800.00, 1250, 2.00, 2500, '承認済み', '肉の日キャンペーン'),

-- 2025年2月（通常営業）
('DEMO01', 'MEM003', 'PROD001', '2025-02-03', 10, 850.00, 1000, 1.00, 1000, '承認済み', NULL),
('DEMO01', 'MEM004', 'PROD002', '2025-02-06', 7, 950.00, 840, 1.00, 840, '承認済み', NULL),
('DEMO01', 'MEM005', 'PROD006', '2025-02-10', 4, 1500.00, 800, 1.00, 800, '承認済み', NULL),
('DEMO01', 'MEM006', 'PROD001', '2025-02-14', 12, 850.00, 1200, 1.00, 1200, '承認済み', NULL),
('DEMO01', 'MEM003', 'PROD017', '2025-02-18', 15, 550.00, 900, 1.00, 900, '承認済み', NULL),
('DEMO01', 'MEM004', 'PROD007', '2025-02-22', 3, 1800.00, 750, 1.00, 750, '承認済み', NULL),
('DEMO01', 'MEM005', 'PROD001', '2025-02-25', 11, 850.00, 1100, 1.00, 1100, '承認済み', NULL),
('DEMO01', 'MEM006', 'PROD009', '2025-02-28', 16, 480.00, 800, 1.50, 1200, '承認済み', '月末特別'),

-- 2025年3月（春の新生活シーズン）
('DEMO01', 'MEM003', 'PROD001', '2025-03-03', 11, 850.00, 1100, 1.00, 1100, '承認済み', NULL),
('DEMO01', 'MEM004', 'PROD003', '2025-03-06', 8, 1100.00, 1200, 1.00, 1200, '承認済み', NULL),
('DEMO01', 'MEM005', 'PROD006', '2025-03-10', 5, 1500.00, 1000, 1.00, 1000, '承認済み', NULL),
('DEMO01', 'MEM006', 'PROD001', '2025-03-14', 13, 850.00, 1300, 1.00, 1300, '承認済み', NULL),
('DEMO01', 'MEM003', 'PROD017', '2025-03-18', 16, 550.00, 960, 1.00, 960, '承認済み', NULL),
('DEMO01', 'MEM004', 'PROD007', '2025-03-22', 4, 1800.00, 1000, 1.00, 1000, '承認済み', NULL),
('DEMO01', 'MEM005', 'PROD001', '2025-03-25', 14, 850.00, 1400, 1.00, 1400, '承認済み', NULL),
('DEMO01', 'MEM006', 'PROD006', '2025-03-29', 6, 1500.00, 1200, 2.00, 2400, '承認済み', '肉の日キャンペーン'),
('DEMO01', 'MEM003', 'PROD007', '2025-03-29', 5, 1800.00, 1250, 2.00, 2500, '承認済み', '肉の日キャンペーン'),

-- 2025年4月
('DEMO01', 'MEM003', 'PROD001', '2025-04-03', 10, 850.00, 1000, 1.00, 1000, '承認済み', NULL),
('DEMO01', 'MEM004', 'PROD002', '2025-04-07', 8, 950.00, 960, 1.00, 960, '承認済み', NULL),
('DEMO01', 'MEM005', 'PROD006', '2025-04-11', 4, 1500.00, 800, 1.00, 800, '承認済み', NULL),
('DEMO01', 'MEM006', 'PROD001', '2025-04-15', 12, 850.00, 1200, 1.00, 1200, '承認済み', NULL),
('DEMO01', 'MEM003', 'PROD017', '2025-04-19', 14, 550.00, 840, 1.00, 840, '承認済み', NULL),
('DEMO01', 'MEM004', 'PROD007', '2025-04-23', 3, 1800.00, 750, 1.00, 750, '承認済み', NULL),
('DEMO01', 'MEM005', 'PROD001', '2025-04-26', 11, 850.00, 1100, 1.00, 1100, '承認済み', NULL),
('DEMO01', 'MEM006', 'PROD006', '2025-04-29', 5, 1500.00, 1000, 2.00, 2000, '承認済み', '肉の日キャンペーン'),
('DEMO01', 'MEM003', 'PROD007', '2025-04-29', 4, 1800.00, 1000, 2.00, 2000, '承認済み', '肉の日キャンペーン'),

-- 2025年5月（GW期間で客数増）
('DEMO01', 'MEM003', 'PROD001', '2025-05-03', 15, 850.00, 1500, 1.00, 1500, '承認済み', 'GW'),
('DEMO01', 'MEM004', 'PROD006', '2025-05-05', 7, 1500.00, 1400, 1.00, 1400, '承認済み', 'GW'),
('DEMO01', 'MEM005', 'PROD007', '2025-05-08', 5, 1800.00, 1250, 1.00, 1250, '承認済み', NULL),
('DEMO01', 'MEM006', 'PROD001', '2025-05-12', 13, 850.00, 1300, 1.00, 1300, '承認済み', NULL),
('DEMO01', 'MEM003', 'PROD017', '2025-05-16', 17, 550.00, 1020, 1.00, 1020, '承認済み', NULL),
('DEMO01', 'MEM004', 'PROD001', '2025-05-20', 12, 850.00, 1200, 1.00, 1200, '承認済み', NULL),
('DEMO01', 'MEM005', 'PROD009', '2025-05-24', 18, 480.00, 900, 1.00, 900, '承認済み', NULL),
('DEMO01', 'MEM006', 'PROD006', '2025-05-29', 6, 1500.00, 1200, 2.00, 2400, '承認済み', '肉の日キャンペーン'),
('DEMO01', 'MEM003', 'PROD007', '2025-05-29', 5, 1800.00, 1250, 2.00, 2500, '承認済み', '肉の日キャンペーン'),

-- 2025年6月
('DEMO01', 'MEM003', 'PROD001', '2025-06-02', 10, 850.00, 1000, 1.00, 1000, '承認済み', NULL),
('DEMO01', 'MEM004', 'PROD002', '2025-06-06', 7, 950.00, 840, 1.00, 840, '承認済み', NULL),
('DEMO01', 'MEM005', 'PROD006', '2025-06-10', 4, 1500.00, 800, 1.00, 800, '承認済み', NULL),
('DEMO01', 'MEM006', 'PROD001', '2025-06-14', 11, 850.00, 1100, 1.00, 1100, '承認済み', NULL),
('DEMO01', 'MEM003', 'PROD017', '2025-06-18', 15, 550.00, 900, 1.00, 900, '承認済み', NULL),
('DEMO01', 'MEM004', 'PROD007', '2025-06-22', 3, 1800.00, 750, 1.00, 750, '承認済み', NULL),
('DEMO01', 'MEM005', 'PROD001', '2025-06-25', 12, 850.00, 1200, 1.00, 1200, '承認済み', NULL),
('DEMO01', 'MEM006', 'PROD006', '2025-06-29', 5, 1500.00, 1000, 2.00, 2000, '承認済み', '肉の日キャンペーン'),
('DEMO01', 'MEM003', 'PROD007', '2025-06-29', 4, 1800.00, 1000, 2.00, 2000, '承認済み', '肉の日キャンペーン'),

-- 2025年7月（夏季、ビール需要増）
('DEMO01', 'MEM003', 'PROD001', '2025-07-03', 11, 850.00, 1100, 1.00, 1100, '承認済み', NULL),
('DEMO01', 'MEM004', 'PROD017', '2025-07-07', 20, 550.00, 1200, 1.00, 1200, '承認済み', '夏季ビール需要'),
('DEMO01', 'MEM005', 'PROD006', '2025-07-11', 5, 1500.00, 1000, 1.00, 1000, '承認済み', NULL),
('DEMO01', 'MEM006', 'PROD001', '2025-07-15', 13, 850.00, 1300, 1.00, 1300, '承認済み', NULL),
('DEMO01', 'MEM003', 'PROD017', '2025-07-19', 22, 550.00, 1320, 1.00, 1320, '承認済み', '夏季ビール需要'),
('DEMO01', 'MEM004', 'PROD007', '2025-07-23', 4, 1800.00, 1000, 1.00, 1000, '承認済み', NULL),
('DEMO01', 'MEM005', 'PROD001', '2025-07-26', 14, 850.00, 1400, 1.00, 1400, '承認済み', NULL),
('DEMO01', 'MEM006', 'PROD006', '2025-07-29', 6, 1500.00, 1200, 2.00, 2400, '承認済み', '肉の日キャンペーン'),
('DEMO01', 'MEM003', 'PROD007', '2025-07-29', 5, 1800.00, 1250, 2.00, 2500, '承認済み', '肉の日キャンペーン'),

-- 2025年8月（お盆期間含む夏季ピーク）
('DEMO01', 'MEM003', 'PROD001', '2025-08-03', 14, 850.00, 1400, 1.00, 1400, '承認済み', NULL),
('DEMO01', 'MEM004', 'PROD017', '2025-08-07', 25, 550.00, 1500, 1.00, 1500, '承認済み', 'お盆前'),
('DEMO01', 'MEM005', 'PROD006', '2025-08-11', 6, 1500.00, 1200, 1.00, 1200, '承認済み', NULL),
('DEMO01', 'MEM006', 'PROD001', '2025-08-15', 16, 850.00, 1600, 1.00, 1600, '承認済み', 'お盆'),
('DEMO01', 'MEM003', 'PROD017', '2025-08-19', 24, 550.00, 1440, 1.00, 1440, '承認済み', NULL),
('DEMO01', 'MEM004', 'PROD007', '2025-08-23', 5, 1800.00, 1250, 1.00, 1250, '承認済み', NULL),
('DEMO01', 'MEM005', 'PROD001', '2025-08-26', 15, 850.00, 1500, 1.00, 1500, '承認済み', NULL),
('DEMO01', 'MEM006', 'PROD006', '2025-08-29', 7, 1500.00, 1400, 2.00, 2800, '承認済み', '肉の日キャンペーン'),
('DEMO01', 'MEM003', 'PROD007', '2025-08-29', 6, 1800.00, 1500, 2.00, 3000, '承認済み', '肉の日キャンペーン');

-- ============================================
-- 2025年9月（詳細データ: 9/1〜9/30全期間）
-- ============================================
INSERT INTO sales_records (tenant_id, member_id, product_id, date, quantity, unit_price, base_point, event_multiplier, final_point, approval_status, note) VALUES
-- 9月第1週
('DEMO01', 'MEM003', 'PROD001', '2025-09-01', 12, 850.00, 1200, 1.00, 1200, '承認済み', NULL),
('DEMO01', 'MEM004', 'PROD002', '2025-09-01', 8, 950.00, 960, 1.00, 960, '承認済み', NULL),
('DEMO01', 'MEM005', 'PROD017', '2025-09-01', 15, 550.00, 900, 1.00, 900, '承認済み', NULL),
('DEMO01', 'MEM003', 'PROD001', '2025-09-02', 10, 850.00, 1000, 1.00, 1000, '承認済み', NULL),
('DEMO01', 'MEM004', 'PROD006', '2025-09-02', 4, 1500.00, 800, 1.00, 800, '承認済み', NULL),
('DEMO01', 'MEM006', 'PROD009', '2025-09-02', 12, 480.00, 600, 1.00, 600, '承認済み', NULL),
('DEMO01', 'MEM003', 'PROD001', '2025-09-03', 11, 850.00, 1100, 1.00, 1100, '承認済み', NULL),
('DEMO01', 'MEM005', 'PROD007', '2025-09-03', 3, 1800.00, 750, 1.00, 750, '承認済み', NULL),
('DEMO01', 'MEM004', 'PROD017', '2025-09-03', 14, 550.00, 840, 1.00, 840, '承認済み', NULL),
('DEMO01', 'MEM003', 'PROD001', '2025-09-04', 13, 850.00, 1300, 1.00, 1300, '承認済み', NULL),
('DEMO01', 'MEM006', 'PROD002', '2025-09-04', 7, 950.00, 840, 1.00, 840, '承認済み', NULL),
('DEMO01', 'MEM004', 'PROD006', '2025-09-04', 5, 1500.00, 1000, 1.00, 1000, '承認済み', NULL),
('DEMO01', 'MEM003', 'PROD001', '2025-09-05', 14, 850.00, 1400, 1.00, 1400, '承認済み', NULL),
('DEMO01', 'MEM005', 'PROD009', '2025-09-05', 16, 480.00, 800, 1.00, 800, '承認済み', NULL),
('DEMO01', 'MEM004', 'PROD017', '2025-09-05', 18, 550.00, 1080, 1.00, 1080, '承認済み', NULL),
('DEMO01', 'MEM003', 'PROD001', '2025-09-06', 15, 850.00, 1500, 1.00, 1500, '承認済み', NULL),
('DEMO01', 'MEM006', 'PROD007', '2025-09-06', 4, 1800.00, 1000, 1.00, 1000, '承認済み', NULL),
('DEMO01', 'MEM005', 'PROD017', '2025-09-06', 20, 550.00, 1200, 1.00, 1200, '承認済み', NULL),
('DEMO01', 'MEM004', 'PROD001', '2025-09-07', 11, 850.00, 1100, 1.00, 1100, '承認済み', NULL),
('DEMO01', 'MEM003', 'PROD006', '2025-09-07', 5, 1500.00, 1000, 1.00, 1000, '承認済み', NULL),

-- 9月第2週
('DEMO01', 'MEM003', 'PROD001', '2025-09-08', 13, 850.00, 1300, 1.00, 1300, '承認済み', NULL),
('DEMO01', 'MEM004', 'PROD003', '2025-09-08', 6, 1100.00, 900, 1.00, 900, '承認済み', NULL),
('DEMO01', 'MEM005', 'PROD017', '2025-09-08', 16, 550.00, 960, 1.00, 960, '承認済み', NULL),
('DEMO01', 'MEM003', 'PROD001', '2025-09-09', 12, 850.00, 1200, 1.00, 1200, '承認済み', NULL),
('DEMO01', 'MEM006', 'PROD006', '2025-09-09', 4, 1500.00, 800, 1.00, 800, '承認済み', NULL),
('DEMO01', 'MEM004', 'PROD009', '2025-09-09', 14, 480.00, 700, 1.00, 700, '承認済み', NULL),
('DEMO01', 'MEM003', 'PROD001', '2025-09-10', 14, 850.00, 1400, 1.00, 1400, '承認済み', NULL),
('DEMO01', 'MEM005', 'PROD007', '2025-09-10', 3, 1800.00, 750, 1.00, 750, '承認済み', NULL),
('DEMO01', 'MEM004', 'PROD017', '2025-09-10', 17, 550.00, 1020, 1.00, 1020, '承認済み', NULL),
('DEMO01', 'MEM003', 'PROD001', '2025-09-11', 13, 850.00, 1300, 1.00, 1300, '承認済み', NULL),
('DEMO01', 'MEM006', 'PROD002', '2025-09-11', 8, 950.00, 960, 1.00, 960, '承認済み', NULL),
('DEMO01', 'MEM004', 'PROD006', '2025-09-11', 5, 1500.00, 1000, 1.00, 1000, '承認済み', NULL),
('DEMO01', 'MEM003', 'PROD001', '2025-09-12', 15, 850.00, 1500, 1.00, 1500, '承認済み', NULL),
('DEMO01', 'MEM005', 'PROD009', '2025-09-12', 17, 480.00, 850, 1.00, 850, '承認済み', NULL),
('DEMO01', 'MEM004', 'PROD017', '2025-09-12', 19, 550.00, 1140, 1.00, 1140, '承認済み', NULL),
('DEMO01', 'MEM003', 'PROD001', '2025-09-13', 16, 850.00, 1600, 1.00, 1600, '承認済み', NULL),
('DEMO01', 'MEM006', 'PROD007', '2025-09-13', 5, 1800.00, 1250, 1.00, 1250, '承認済み', NULL),
('DEMO01', 'MEM005', 'PROD017', '2025-09-13', 21, 550.00, 1260, 1.00, 1260, '承認済み', NULL),
('DEMO01', 'MEM004', 'PROD001', '2025-09-14', 12, 850.00, 1200, 1.00, 1200, '承認済み', NULL),
('DEMO01', 'MEM003', 'PROD006', '2025-09-14', 6, 1500.00, 1200, 1.00, 1200, '承認済み', NULL),

-- 9月第3週
('DEMO01', 'MEM003', 'PROD001', '2025-09-15', 14, 850.00, 1400, 1.00, 1400, '承認済み', NULL),
('DEMO01', 'MEM004', 'PROD003', '2025-09-15', 7, 1100.00, 1050, 1.00, 1050, '承認済み', NULL),
('DEMO01', 'MEM005', 'PROD017', '2025-09-15', 17, 550.00, 1020, 1.00, 1020, '承認済み', NULL),
('DEMO01', 'MEM003', 'PROD001', '2025-09-16', 13, 850.00, 1300, 1.00, 1300, '承認済み', NULL),
('DEMO01', 'MEM006', 'PROD006', '2025-09-16', 5, 1500.00, 1000, 1.00, 1000, '承認済み', NULL),
('DEMO01', 'MEM004', 'PROD009', '2025-09-16', 15, 480.00, 750, 1.00, 750, '承認済み', NULL),
('DEMO01', 'MEM003', 'PROD001', '2025-09-17', 15, 850.00, 1500, 1.00, 1500, '承認済み', NULL),
('DEMO01', 'MEM005', 'PROD007', '2025-09-17', 4, 1800.00, 1000, 1.00, 1000, '承認済み', NULL),
('DEMO01', 'MEM004', 'PROD017', '2025-09-17', 18, 550.00, 1080, 1.00, 1080, '承認済み', NULL),
('DEMO01', 'MEM003', 'PROD001', '2025-09-18', 14, 850.00, 1400, 1.00, 1400, '承認済み', NULL),
('DEMO01', 'MEM006', 'PROD002', '2025-09-18', 9, 950.00, 1080, 1.00, 1080, '承認済み', NULL),
('DEMO01', 'MEM004', 'PROD006', '2025-09-18', 6, 1500.00, 1200, 1.00, 1200, '承認済み', NULL),
('DEMO01', 'MEM003', 'PROD001', '2025-09-19', 16, 850.00, 1600, 1.00, 1600, '承認済み', NULL),
('DEMO01', 'MEM005', 'PROD009', '2025-09-19', 18, 480.00, 900, 1.00, 900, '承認済み', NULL),
('DEMO01', 'MEM004', 'PROD017', '2025-09-19', 20, 550.00, 1200, 1.00, 1200, '承認済み', NULL),
('DEMO01', 'MEM003', 'PROD001', '2025-09-20', 17, 850.00, 1700, 1.00, 1700, '承認済み', NULL),
('DEMO01', 'MEM006', 'PROD007', '2025-09-20', 6, 1800.00, 1500, 1.00, 1500, '承認済み', NULL),
('DEMO01', 'MEM005', 'PROD017', '2025-09-20', 22, 550.00, 1320, 1.00, 1320, '承認済み', NULL),
('DEMO01', 'MEM004', 'PROD001', '2025-09-21', 13, 850.00, 1300, 1.00, 1300, '承認済み', NULL),
('DEMO01', 'MEM003', 'PROD006', '2025-09-21', 7, 1500.00, 1400, 1.00, 1400, '承認済み', NULL),

-- 9月第4週
('DEMO01', 'MEM003', 'PROD001', '2025-09-22', 15, 850.00, 1500, 1.00, 1500, '承認済み', NULL),
('DEMO01', 'MEM004', 'PROD003', '2025-09-22', 8, 1100.00, 1200, 1.00, 1200, '承認済み', NULL),
('DEMO01', 'MEM005', 'PROD017', '2025-09-22', 18, 550.00, 1080, 1.00, 1080, '承認済み', NULL),
('DEMO01', 'MEM003', 'PROD001', '2025-09-23', 14, 850.00, 1400, 1.00, 1400, '承認済み', NULL),
('DEMO01', 'MEM006', 'PROD006', '2025-09-23', 6, 1500.00, 1200, 1.00, 1200, '承認済み', NULL),
('DEMO01', 'MEM004', 'PROD009', '2025-09-23', 16, 480.00, 800, 1.00, 800, '承認済み', NULL),
('DEMO01', 'MEM003', 'PROD001', '2025-09-24', 16, 850.00, 1600, 1.00, 1600, '承認済み', NULL),
('DEMO01', 'MEM005', 'PROD007', '2025-09-24', 5, 1800.00, 1250, 1.00, 1250, '承認済み', NULL),
('DEMO01', 'MEM004', 'PROD017', '2025-09-24', 19, 550.00, 1140, 1.00, 1140, '承認済み', NULL),
('DEMO01', 'MEM003', 'PROD001', '2025-09-25', 15, 850.00, 1500, 1.00, 1500, '承認済み', NULL),
('DEMO01', 'MEM006', 'PROD002', '2025-09-25', 10, 950.00, 1200, 1.00, 1200, '承認済み', NULL),
('DEMO01', 'MEM004', 'PROD006', '2025-09-25', 7, 1500.00, 1400, 1.00, 1400, '承認済み', NULL),
('DEMO01', 'MEM003', 'PROD001', '2025-09-26', 17, 850.00, 1700, 1.00, 1700, '承認済み', NULL),
('DEMO01', 'MEM005', 'PROD009', '2025-09-26', 19, 480.00, 950, 1.00, 950, '承認済み', NULL),
('DEMO01', 'MEM004', 'PROD017', '2025-09-26', 21, 550.00, 1260, 1.00, 1260, '承認済み', NULL),
('DEMO01', 'MEM003', 'PROD001', '2025-09-27', 18, 850.00, 1800, 1.00, 1800, '承認済み', NULL),
('DEMO01', 'MEM006', 'PROD007', '2025-09-27', 7, 1800.00, 1750, 1.00, 1750, '承認済み', NULL),
('DEMO01', 'MEM005', 'PROD017', '2025-09-27', 23, 550.00, 1380, 1.00, 1380, '承認済み', NULL),
('DEMO01', 'MEM004', 'PROD001', '2025-09-28', 14, 850.00, 1400, 1.00, 1400, '承認済み', NULL),
('DEMO01', 'MEM003', 'PROD006', '2025-09-28', 8, 1500.00, 1600, 1.00, 1600, '承認済み', NULL),

-- 9月29日（肉の日キャンペーン）
('DEMO01', 'MEM003', 'PROD006', '2025-09-29', 8, 1500.00, 1600, 2.00, 3200, '承認済み', '肉の日キャンペーン'),
('DEMO01', 'MEM004', 'PROD007', '2025-09-29', 7, 1800.00, 1750, 2.00, 3500, '承認済み', '肉の日キャンペーン'),
('DEMO01', 'MEM005', 'PROD009', '2025-09-29', 20, 480.00, 1000, 2.00, 2000, '承認済み', '肉の日キャンペーン'),
('DEMO01', 'MEM006', 'PROD010', '2025-09-29', 10, 680.00, 800, 2.00, 1600, '承認済み', '肉の日キャンペーン'),
('DEMO01', 'MEM003', 'PROD011', '2025-09-29', 12, 580.00, 720, 2.00, 1440, '承認済み', '肉の日キャンペーン'),

-- 9月30日（重点期間開始日）
('DEMO01', 'MEM003', 'PROD001', '2025-09-30', 16, 850.00, 1600, 1.00, 1600, '承認済み', NULL),
('DEMO01', 'MEM004', 'PROD002', '2025-09-30', 10, 950.00, 1200, 1.00, 1200, '承認済み', NULL),
('DEMO01', 'MEM005', 'PROD006', '2025-09-30', 7, 1500.00, 1400, 1.00, 1400, '承認済み', NULL),
('DEMO01', 'MEM006', 'PROD017', '2025-09-30', 20, 550.00, 1200, 1.00, 1200, '承認済み', NULL),
('DEMO01', 'MEM003', 'PROD009', '2025-09-30', 18, 480.00, 900, 1.00, 900, '承認済み', NULL);

-- ============================================
-- 2025年10月（詳細データ: 10/1〜10/30全期間）
-- ============================================
INSERT INTO sales_records (tenant_id, member_id, product_id, date, quantity, unit_price, base_point, event_multiplier, final_point, approval_status, note) VALUES
-- 10月第1週
('DEMO01', 'MEM003', 'PROD001', '2025-10-01', 15, 850.00, 1500, 1.00, 1500, '承認済み', NULL),
('DEMO01', 'MEM004', 'PROD002', '2025-10-01', 9, 950.00, 1080, 1.00, 1080, '承認済み', NULL),
('DEMO01', 'MEM005', 'PROD017', '2025-10-01', 18, 550.00, 1080, 1.00, 1080, '承認済み', NULL),
('DEMO01', 'MEM003', 'PROD001', '2025-10-02', 14, 850.00, 1400, 1.00, 1400, '承認済み', NULL),
('DEMO01', 'MEM004', 'PROD006', '2025-10-02', 6, 1500.00, 1200, 1.00, 1200, '承認済み', NULL),
('DEMO01', 'MEM006', 'PROD009', '2025-10-02', 15, 480.00, 750, 1.00, 750, '承認済み', NULL),
('DEMO01', 'MEM003', 'PROD001', '2025-10-03', 16, 850.00, 1600, 1.00, 1600, '承認済み', NULL),
('DEMO01', 'MEM005', 'PROD007', '2025-10-03', 5, 1800.00, 1250, 1.00, 1250, '承認済み', NULL),
('DEMO01', 'MEM004', 'PROD017', '2025-10-03', 19, 550.00, 1140, 1.00, 1140, '承認済み', NULL),
('DEMO01', 'MEM003', 'PROD001', '2025-10-04', 17, 850.00, 1700, 1.00, 1700, '承認済み', NULL),
('DEMO01', 'MEM006', 'PROD002', '2025-10-04', 11, 950.00, 1320, 1.00, 1320, '承認済み', NULL),
('DEMO01', 'MEM004', 'PROD006', '2025-10-04', 7, 1500.00, 1400, 1.00, 1400, '承認済み', NULL),
('DEMO01', 'MEM003', 'PROD001', '2025-10-05', 18, 850.00, 1800, 1.00, 1800, '承認済み', NULL),
('DEMO01', 'MEM005', 'PROD009', '2025-10-05', 20, 480.00, 1000, 1.00, 1000, '承認済み', NULL),
('DEMO01', 'MEM004', 'PROD017', '2025-10-05', 22, 550.00, 1320, 1.00, 1320, '承認済み', NULL),
('DEMO01', 'MEM003', 'PROD001', '2025-10-06', 16, 850.00, 1600, 1.00, 1600, '承認済み', NULL),
('DEMO01', 'MEM006', 'PROD007', '2025-10-06', 6, 1800.00, 1500, 1.00, 1500, '承認済み', NULL),
('DEMO01', 'MEM005', 'PROD017', '2025-10-06', 21, 550.00, 1260, 1.00, 1260, '承認済み', NULL),
('DEMO01', 'MEM004', 'PROD001', '2025-10-07', 15, 850.00, 1500, 1.00, 1500, '承認済み', NULL),
('DEMO01', 'MEM003', 'PROD006', '2025-10-07', 8, 1500.00, 1600, 1.00, 1600, '承認済み', NULL),

-- 10月第2週
('DEMO01', 'MEM003', 'PROD001', '2025-10-08', 17, 850.00, 1700, 1.00, 1700, '承認済み', NULL),
('DEMO01', 'MEM004', 'PROD003', '2025-10-08', 9, 1100.00, 1350, 1.00, 1350, '承認済み', NULL),
('DEMO01', 'MEM005', 'PROD017', '2025-10-08', 20, 550.00, 1200, 1.00, 1200, '承認済み', NULL),
('DEMO01', 'MEM003', 'PROD001', '2025-10-09', 16, 850.00, 1600, 1.00, 1600, '承認済み', NULL),
('DEMO01', 'MEM006', 'PROD006', '2025-10-09', 7, 1500.00, 1400, 1.00, 1400, '承認済み', NULL),
('DEMO01', 'MEM004', 'PROD009', '2025-10-09', 17, 480.00, 850, 1.00, 850, '承認済み', NULL),
('DEMO01', 'MEM003', 'PROD001', '2025-10-10', 18, 850.00, 1800, 1.00, 1800, '承認済み', NULL),
('DEMO01', 'MEM005', 'PROD007', '2025-10-10', 6, 1800.00, 1500, 1.00, 1500, '承認済み', NULL),
('DEMO01', 'MEM004', 'PROD017', '2025-10-10', 21, 550.00, 1260, 1.00, 1260, '承認済み', NULL),
('DEMO01', 'MEM003', 'PROD001', '2025-10-11', 17, 850.00, 1700, 1.00, 1700, '承認済み', NULL),
('DEMO01', 'MEM006', 'PROD002', '2025-10-11', 12, 950.00, 1440, 1.00, 1440, '承認済み', NULL),
('DEMO01', 'MEM004', 'PROD006', '2025-10-11', 8, 1500.00, 1600, 1.00, 1600, '承認済み', NULL),
('DEMO01', 'MEM003', 'PROD001', '2025-10-12', 19, 850.00, 1900, 1.00, 1900, '承認済み', NULL),
('DEMO01', 'MEM005', 'PROD009', '2025-10-12', 21, 480.00, 1050, 1.00, 1050, '承認済み', NULL),
('DEMO01', 'MEM004', 'PROD017', '2025-10-12', 23, 550.00, 1380, 1.00, 1380, '承認済み', NULL),
('DEMO01', 'MEM003', 'PROD001', '2025-10-13', 17, 850.00, 1700, 1.00, 1700, '承認済み', NULL),
('DEMO01', 'MEM006', 'PROD007', '2025-10-13', 7, 1800.00, 1750, 1.00, 1750, '承認済み', NULL),
('DEMO01', 'MEM005', 'PROD017', '2025-10-13', 22, 550.00, 1320, 1.00, 1320, '承認済み', NULL),
('DEMO01', 'MEM004', 'PROD001', '2025-10-14', 16, 850.00, 1600, 1.00, 1600, '承認済み', NULL),
('DEMO01', 'MEM003', 'PROD006', '2025-10-14', 9, 1500.00, 1800, 1.00, 1800, '承認済み', NULL),

-- 10月第3週
('DEMO01', 'MEM003', 'PROD001', '2025-10-15', 18, 850.00, 1800, 1.00, 1800, '承認済み', NULL),
('DEMO01', 'MEM004', 'PROD003', '2025-10-15', 10, 1100.00, 1500, 1.00, 1500, '承認済み', NULL),
('DEMO01', 'MEM005', 'PROD017', '2025-10-15', 21, 550.00, 1260, 1.00, 1260, '承認済み', NULL),
('DEMO01', 'MEM003', 'PROD001', '2025-10-16', 17, 850.00, 1700, 1.00, 1700, '承認済み', NULL),
('DEMO01', 'MEM006', 'PROD006', '2025-10-16', 8, 1500.00, 1600, 1.00, 1600, '承認済み', NULL),
('DEMO01', 'MEM004', 'PROD009', '2025-10-16', 18, 480.00, 900, 1.00, 900, '承認済み', NULL),
('DEMO01', 'MEM003', 'PROD001', '2025-10-17', 19, 850.00, 1900, 1.00, 1900, '承認済み', NULL),
('DEMO01', 'MEM005', 'PROD007', '2025-10-17', 7, 1800.00, 1750, 1.00, 1750, '承認済み', NULL),
('DEMO01', 'MEM004', 'PROD017', '2025-10-17', 22, 550.00, 1320, 1.00, 1320, '承認済み', NULL),
('DEMO01', 'MEM003', 'PROD001', '2025-10-18', 18, 850.00, 1800, 1.00, 1800, '承認済み', NULL),
('DEMO01', 'MEM006', 'PROD002', '2025-10-18', 13, 950.00, 1560, 1.00, 1560, '承認済み', NULL),
('DEMO01', 'MEM004', 'PROD006', '2025-10-18', 9, 1500.00, 1800, 1.00, 1800, '承認済み', NULL),
('DEMO01', 'MEM003', 'PROD001', '2025-10-19', 20, 850.00, 2000, 1.00, 2000, '承認済み', NULL),
('DEMO01', 'MEM005', 'PROD009', '2025-10-19', 22, 480.00, 1100, 1.00, 1100, '承認済み', NULL),
('DEMO01', 'MEM004', 'PROD017', '2025-10-19', 24, 550.00, 1440, 1.00, 1440, '承認済み', NULL),
('DEMO01', 'MEM003', 'PROD001', '2025-10-20', 18, 850.00, 1800, 1.00, 1800, '承認済み', NULL),
('DEMO01', 'MEM006', 'PROD007', '2025-10-20', 8, 1800.00, 2000, 1.00, 2000, '承認済み', NULL),
('DEMO01', 'MEM005', 'PROD017', '2025-10-20', 23, 550.00, 1380, 1.00, 1380, '承認済み', NULL),
('DEMO01', 'MEM004', 'PROD001', '2025-10-21', 17, 850.00, 1700, 1.00, 1700, '承認済み', NULL),
('DEMO01', 'MEM003', 'PROD006', '2025-10-21', 10, 1500.00, 2000, 1.00, 2000, '承認済み', NULL),

-- 10月第4週
('DEMO01', 'MEM003', 'PROD001', '2025-10-22', 19, 850.00, 1900, 1.00, 1900, '承認済み', NULL),
('DEMO01', 'MEM004', 'PROD003', '2025-10-22', 11, 1100.00, 1650, 1.00, 1650, '承認済み', NULL),
('DEMO01', 'MEM005', 'PROD017', '2025-10-22', 22, 550.00, 1320, 1.00, 1320, '承認済み', NULL),
('DEMO01', 'MEM003', 'PROD001', '2025-10-23', 18, 850.00, 1800, 1.00, 1800, '承認済み', NULL),
('DEMO01', 'MEM006', 'PROD006', '2025-10-23', 9, 1500.00, 1800, 1.00, 1800, '承認済み', NULL),
('DEMO01', 'MEM004', 'PROD009', '2025-10-23', 19, 480.00, 950, 1.00, 950, '承認済み', NULL),
('DEMO01', 'MEM003', 'PROD001', '2025-10-24', 20, 850.00, 2000, 1.00, 2000, '承認済み', NULL),
('DEMO01', 'MEM005', 'PROD007', '2025-10-24', 8, 1800.00, 2000, 1.00, 2000, '承認済み', NULL),
('DEMO01', 'MEM004', 'PROD017', '2025-10-24', 23, 550.00, 1380, 1.00, 1380, '承認済み', NULL),
('DEMO01', 'MEM003', 'PROD001', '2025-10-25', 19, 850.00, 1900, 1.00, 1900, '承認済み', NULL),
('DEMO01', 'MEM006', 'PROD002', '2025-10-25', 14, 950.00, 1680, 1.00, 1680, '承認済み', NULL),
('DEMO01', 'MEM004', 'PROD006', '2025-10-25', 10, 1500.00, 2000, 1.00, 2000, '承認済み', NULL),
('DEMO01', 'MEM003', 'PROD001', '2025-10-26', 21, 850.00, 2100, 1.00, 2100, '承認済み', NULL),
('DEMO01', 'MEM005', 'PROD009', '2025-10-26', 23, 480.00, 1150, 1.00, 1150, '承認済み', NULL),
('DEMO01', 'MEM004', 'PROD017', '2025-10-26', 25, 550.00, 1500, 1.00, 1500, '承認済み', NULL),
('DEMO01', 'MEM003', 'PROD001', '2025-10-27', 19, 850.00, 1900, 1.00, 1900, '承認済み', NULL),
('DEMO01', 'MEM006', 'PROD007', '2025-10-27', 9, 1800.00, 2250, 1.00, 2250, '承認済み', NULL),
('DEMO01', 'MEM005', 'PROD017', '2025-10-27', 24, 550.00, 1440, 1.00, 1440, '承認済み', NULL),
('DEMO01', 'MEM004', 'PROD001', '2025-10-28', 18, 850.00, 1800, 1.00, 1800, '承認済み', NULL),
('DEMO01', 'MEM003', 'PROD006', '2025-10-28', 11, 1500.00, 2200, 1.00, 2200, '承認済み', NULL),

-- 10月29日（肉の日キャンペーン）
('DEMO01', 'MEM003', 'PROD006', '2025-10-29', 10, 1500.00, 2000, 2.00, 4000, '承認済み', '肉の日キャンペーン'),
('DEMO01', 'MEM004', 'PROD007', '2025-10-29', 9, 1800.00, 2250, 2.00, 4500, '承認済み', '肉の日キャンペーン'),
('DEMO01', 'MEM005', 'PROD008', '2025-10-29', 5, 2500.00, 1750, 2.00, 3500, '承認済み', '肉の日キャンペーン'),
('DEMO01', 'MEM006', 'PROD009', '2025-10-29', 25, 480.00, 1250, 2.00, 2500, '承認済み', '肉の日キャンペーン'),
('DEMO01', 'MEM003', 'PROD010', '2025-10-29', 12, 680.00, 960, 2.00, 1920, '承認済み', '肉の日キャンペーン'),
('DEMO01', 'MEM004', 'PROD011', '2025-10-29', 15, 580.00, 900, 2.00, 1800, '承認済み', '肉の日キャンペーン'),

-- 10月30日（重点期間最終日）
('DEMO01', 'MEM003', 'PROD001', '2025-10-30', 20, 850.00, 2000, 1.00, 2000, '承認済み', NULL),
('DEMO01', 'MEM004', 'PROD002', '2025-10-30', 15, 950.00, 1800, 1.00, 1800, '承認済み', NULL),
('DEMO01', 'MEM005', 'PROD006', '2025-10-30', 11, 1500.00, 2200, 1.00, 2200, '承認済み', NULL),
('DEMO01', 'MEM006', 'PROD007', '2025-10-30', 9, 1800.00, 2250, 1.00, 2250, '承認済み', NULL),
('DEMO01', 'MEM003', 'PROD017', '2025-10-30', 25, 550.00, 1500, 1.00, 1500, '承認済み', NULL),
('DEMO01', 'MEM004', 'PROD009', '2025-10-30', 22, 480.00, 1100, 1.00, 1100, '承認済み', NULL);

-- ============================================
-- タスク実績データ（サンプル）
-- ============================================
INSERT INTO task_records (tenant_id, member_id, task_id, date, point, approval_status) VALUES
-- 9月のタスク実績
('DEMO01', 'MEM003', 'TASK001', '2025-09-30', 50, '承認済み'),
('DEMO01', 'MEM004', 'TASK003', '2025-09-30', 30, '承認済み'),
('DEMO01', 'MEM005', 'TASK002', '2025-09-30', 50, '承認済み'),

-- 10月のタスク実績（10/1〜10/10）
('DEMO01', 'MEM003', 'TASK001', '2025-10-01', 50, '承認済み'),
('DEMO01', 'MEM004', 'TASK003', '2025-10-01', 30, '承認済み'),
('DEMO01', 'MEM005', 'TASK002', '2025-10-01', 50, '承認済み'),
('DEMO01', 'MEM003', 'TASK001', '2025-10-02', 50, '承認済み'),
('DEMO01', 'MEM004', 'TASK004', '2025-10-02', 30, '承認済み'),
('DEMO01', 'MEM005', 'TASK002', '2025-10-02', 50, '承認済み'),
('DEMO01', 'MEM007', 'TASK005', '2025-10-03', 40, '承認済み'),
('DEMO01', 'MEM003', 'TASK001', '2025-10-03', 50, '承認済み'),
('DEMO01', 'MEM005', 'TASK002', '2025-10-03', 50, '承認済み'),
('DEMO01', 'MEM003', 'TASK001', '2025-10-04', 50, '承認済み'),
('DEMO01', 'MEM004', 'TASK003', '2025-10-04', 30, '承認済み'),
('DEMO01', 'MEM005', 'TASK002', '2025-10-04', 50, '承認済み'),
('DEMO01', 'MEM003', 'TASK001', '2025-10-05', 50, '承認済み'),
('DEMO01', 'MEM007', 'TASK005', '2025-10-05', 40, '承認済み'),
('DEMO01', 'MEM005', 'TASK002', '2025-10-05', 50, '承認済み');

-- ============================================
-- アクション実績データ（サンプル）
-- ============================================
INSERT INTO action_records (tenant_id, member_id, action_id, date, point, approval_status) VALUES
-- 9月のアクション実績
('DEMO01', 'MEM003', 'ACT001', '2025-09-28', 300, '承認済み'),
('DEMO01', 'MEM004', 'ACT003', '2025-09-29', 150, '承認済み'),
('DEMO01', 'MEM005', 'ACT005', '2025-09-30', 100, '承認済み'),

-- 10月のアクション実績（10/1〜10/10）
('DEMO01', 'MEM003', 'ACT001', '2025-10-02', 300, '承認済み'),
('DEMO01', 'MEM004', 'ACT002', '2025-10-03', 200, '承認済み'),
('DEMO01', 'MEM005', 'ACT005', '2025-10-05', 100, '承認済み'),
('DEMO01', 'MEM003', 'ACT003', '2025-10-07', 150, '承認済み'),
('DEMO01', 'MEM006', 'ACT006', '2025-10-08', 250, '承認済み'),
('DEMO01', 'MEM004', 'ACT005', '2025-10-10', 100, '承認済み');

SELECT 'タレそば専門店高濱の1年分データ（2024-10〜2025-10）挿入完了しました' AS message;
